log_dir,distinct_subplot_count,subplot_ids
/Users/nngu0448/Documents/data/REDCap-VisReflect/Version_1/round_1/sample_001_1/annotations/t2v_notebook_true/annotation_0000_log,1.0,['4695398816_5608654704']
/Users/nngu0448/Documents/data/REDCap-VisReflect/Version_1/round_1/sample_010_1/annotations/t2v_notebook_true/annotation_0000_log,3.0,"['5278815952_5278960528', '5278815904_5278960432', '5278495616_5280778384']"
/Users/nngu0448/Documents/data/REDCap-VisReflect/Version_1/round_1/sample_012_1/annotations/t2v_notebook_true/annotation_0000_log,16.0,"['5019510416_5060804480', '5019510416_5060058800', '5019510416_5060588512', '5019510416_5061691680', '5019510416_5062273808', '5019510416_5062473776', '5019510416_5063061872', '5019510416_5063308592', '5019510416_5060058848', '5019510416_5060800400', '5019510416_5061326368', '5019510416_5062851040', '5019510416_4431090304', '5019510416_5061909280', '5019510416_5062471568', '5019510416_5060587024']"
/Users/nngu0448/Documents/data/REDCap-VisReflect/Version_1/round_1/sample_013_1/annotations/t2v_notebook_true/annotation_0000_log,1.0,['6063614448_6069004688']
/Users/nngu0448/Documents/data/REDCap-VisReflect/Version_1/round_1/sample_016_1/annotations/t2v_notebook_true/annotation_0000_log,1.0,['4427748688_5142646416']
/Users/nngu0448/Documents/data/REDCap-VisReflect/Version_1/round_1/sample_017_1/annotations/t2v_notebook_true/annotation_0000_log,0.0,[]
/Users/nngu0448/Documents/data/REDCap-VisReflect/Version_1/round_1/sample_017_2/annotations/t2v_notebook_true/annotation_0000_log,0.0,[]
/Users/nngu0448/Documents/data/REDCap-VisReflect/Version_1/round_1/sample_017_3/annotations/t2v_notebook_true/annotation_0000_log,0.0,[]
/Users/nngu0448/Documents/data/REDCap-VisReflect/Version_1/round_1/sample_019_1/annotations/t2v_notebook_true/annotation_0000_log,1.0,['4459246896_4903494592']
/Users/nngu0448/Documents/data/REDCap-VisReflect/Version_1/round_1/sample_019_2/annotations/t2v_notebook_true/annotation_0000_log,3.0,"['4933919392_4939602480', '4933919392_4939597920', '4933919392_4939851600']"
/Users/nngu0448/Documents/data/REDCap-VisReflect/Version_1/round_1/sample_021_1/annotations/t2v_notebook_true/annotation_0000_log,1.0,['5869480432_5869773184']
/Users/nngu0448/Documents/data/REDCap-VisReflect/Version_1/round_1/sample_023_1/annotations/t2v_notebook_true/annotation_0000_log,1.0,['4401658816_5298706896']
/Users/nngu0448/Documents/data/REDCap-VisReflect/Version_1/round_1/sample_026_1/annotations/t2v_notebook_true/annotation_0000_log,1.0,['4493579120_4352992288']
/Users/nngu0448/Documents/data/REDCap-VisReflect/Version_1/round_1/sample_028_1/annotations/t2v_notebook_true/annotation_0000_log,0.0,[]
/Users/nngu0448/Documents/data/REDCap-VisReflect/Version_1/round_1/sample_028_1/annotations/t2v_notebook_true/annotation_0001_log,0.0,[]
/Users/nngu0448/Documents/data/REDCap-VisReflect/Version_1/round_1/sample_030_1/annotations/t2v_notebook_true/annotation_0000_log,1.0,['4357546416_5098916080']
/Users/nngu0448/Documents/data/REDCap-VisReflect/Version_1/round_1/sample_035_1/annotations/t2v_notebook_true/annotation_0000_log,2.0,"['5226313968_5226813760', '5180175952_5198044032']"
/Users/nngu0448/Documents/data/REDCap-VisReflect/Version_1/round_1/sample_038_1/annotations/t2v_notebook_true/annotation_0000_log,1.0,['4407930960_5448902192']
/Users/nngu0448/Documents/data/REDCap-VisReflect/Version_1/round_1/sample_039_1/annotations/t2v_notebook_true/annotation_0000_log,1.0,['4422622176_6104019360']
/Users/nngu0448/Documents/data/REDCap-VisReflect/Version_1/round_1/sample_040_1/annotations/t2v_notebook_true/annotation_0000_log,1.0,['4360637808_5809427936']
/Users/nngu0448/Documents/data/REDCap-VisReflect/Version_1/round_1/sample_041_1/annotations/t2v_notebook_true/annotation_0000_log,4.0,"['4427879232_4977681008', '4427879232_4977926240', '4427879232_4977675584', '4427879232_4977927440']"
/Users/nngu0448/Documents/data/REDCap-VisReflect/Version_1/round_1/sample_041_2/annotations/t2v_notebook_true/annotation_0000_log,2.0,"['4533550400_5558935600', '4533550400_5558684896']"
/Users/nngu0448/Documents/data/REDCap-VisReflect/Version_1/round_1/sample_050_1/annotations/t2v_notebook_true/annotation_0000_log,1.0,['5744276736_5746288512']
/Users/nngu0448/Documents/data/REDCap-VisReflect/Version_1/round_1/sample_051_1/annotations/t2v_notebook_true/annotation_0000_log,1.0,['4442533536_5508061504']
/Users/nngu0448/Documents/data/REDCap-VisReflect/Version_1/round_1/sample_053_1/annotations/t2v_notebook_true/annotation_0000_log,0.0,[]
/Users/nngu0448/Documents/data/REDCap-VisReflect/Version_1/round_1/sample_055_1/annotations/t2v_notebook_true/annotation_0000_log,1.0,['4843098224_6046161360']
/Users/nngu0448/Documents/data/REDCap-VisReflect/Version_1/round_1/sample_057_1/annotations/t2v_notebook_true/annotation_0000_log,6.0,"['4654468416_6077331744', '4654468416_6078615424', '4654468416_6078271456', '4654468416_6078081040', '4654468416_6077919072', '4654468416_6077321424']"
/Users/nngu0448/Documents/data/REDCap-VisReflect/Version_1/round_1/sample_060_1/annotations/t2v_notebook_true/annotation_0000_log,1.0,['5167020512_5167296880']
/Users/nngu0448/Documents/data/REDCap-VisReflect/Version_1/round_1/sample_060_2/annotations/t2v_notebook_true/annotation_0000_log,5.0,"['5438301312_5440079392', '5438301312_5438924960', '5438301312_5439720192', '5438301312_5439534192', '5438301312_4842578928']"
/Users/nngu0448/Documents/data/REDCap-VisReflect/Version_1/round_1/sample_062_1/annotations/t2v_notebook_true/annotation_0000_log,8.0,"['4427469104_4964289664', '4427469104_4963528496', '4427469104_4964533648', '4427469104_4963883184', '4427469104_4963655584', '4427469104_4964153296', '4427469104_4964038080', '4427469104_4963650064']"
/Users/nngu0448/Documents/data/REDCap-VisReflect/Version_1/round_1/sample_066_1/annotations/t2v_notebook_true/annotation_0000_log,1.0,['4491633456_5242357760']
/Users/nngu0448/Documents/data/REDCap-VisReflect/Version_1/round_1/sample_067_1/annotations/t2v_notebook_true/annotation_0000_log,2.0,"['5938127760_5940312928', '5938127760_5940300976']"
/Users/nngu0448/Documents/data/REDCap-VisReflect/Version_1/round_1/sample_068_1/annotations/t2v_notebook_true/annotation_0000_log,1.0,['5875735232_5875932176']
/Users/nngu0448/Documents/data/REDCap-VisReflect/Version_1/round_1/sample_069_1/annotations/t2v_notebook_true/annotation_0000_log,10.0,"['4470301824_5174507904', '4470301824_5173682512', '4470301824_5175054400', '4470301824_5173929520', '4470301824_5173934560', '4470301824_5175059680', '4470301824_5173931152', '4470301824_5174719600', '4470301824_5175387744', '4470301824_5173678048']"
/Users/nngu0448/Documents/data/REDCap-VisReflect/Version_1/round_1/sample_070_1/annotations/t2v_notebook_true/annotation_0000_log,2.0,"['4421868704_5180663776', '4421868704_5180929856']"
/Users/nngu0448/Documents/data/REDCap-VisReflect/Version_1/round_1/sample_072_1/annotations/t2v_notebook_true/annotation_0000_log,1.0,['4400061696_5581441600']
/Users/nngu0448/Documents/data/REDCap-VisReflect/Version_1/round_1/sample_072_2/annotations/t2v_notebook_true/annotation_0000_log,1.0,['4578533520_4951066816']
/Users/nngu0448/Documents/data/REDCap-VisReflect/Version_1/round_1/sample_073_1/annotations/t2v_notebook_true/annotation_0000_log,1.0,['5016703904_5024303296']
/Users/nngu0448/Documents/data/REDCap-VisReflect/Version_1/round_1/sample_076_1/annotations/t2v_notebook_true/annotation_0000_log,3.0,"['4717468400_6014732624', '4717468400_6014953536', '4717468400_6014732576']"
/Users/nngu0448/Documents/data/REDCap-VisReflect/Version_1/round_1/sample_076_2/annotations/t2v_notebook_true/annotation_0000_log,2.0,"['4662672848_5232688640', '4662672848_5232539024']"
/Users/nngu0448/Documents/data/REDCap-VisReflect/Version_1/round_1/sample_077_1/annotations/t2v_notebook_true/annotation_0000_log,1.0,['4421952496_5098898976']
/Users/nngu0448/Documents/data/REDCap-VisReflect/Version_1/round_1/sample_078_1/annotations/t2v_notebook_true/annotation_0000_log,1.0,['5714170352_5714331072']
/Users/nngu0448/Documents/data/REDCap-VisReflect/Version_1/round_1/sample_084_1/annotations/t2v_notebook_true/annotation_0000_log,1.0,['4384858592_5547853872']
/Users/nngu0448/Documents/data/REDCap-VisReflect/Version_1/round_1/sample_085_1/annotations/t2v_notebook_true/annotation_0000_log,1.0,['4500790720_5412425264']
/Users/nngu0448/Documents/data/REDCap-VisReflect/Version_1/round_1/sample_087_1/annotations/t2v_notebook_true/annotation_0000_log,1.0,['4660741088_4970679088']
/Users/nngu0448/Documents/data/REDCap-VisReflect/Version_1/round_1/sample_090_1/annotations/t2v_notebook_true/annotation_0000_log,0.0,[]
/Users/nngu0448/Documents/data/REDCap-VisReflect/Version_1/round_1/sample_090_2/annotations/t2v_notebook_true/annotation_0000_log,0.0,[]
/Users/nngu0448/Documents/data/REDCap-VisReflect/Version_1/round_1/sample_091_1/annotations/t2v_notebook_true/annotation_0000_log,6.0,"['5609298864_5611698752', '5609298864_5609755072', '5609298864_5611145072', '5609298864_5609959024', '5609298864_5609755120', '5609298864_5610594448']"
/Users/nngu0448/Documents/data/REDCap-VisReflect/Version_1/round_1/sample_093_1/annotations/t2v_notebook_true/annotation_0000_log,3.0,"['4421770256_5157301584', '4421770256_5159808720', '4421770256_5157690144']"
/Users/nngu0448/Documents/data/REDCap-VisReflect/Version_1/round_1/sample_094_1/annotations/t2v_notebook_true/annotation_0000_log,8.0,"['4708518848_5573098912', '5573296592_5575511072', '5575513664_5575635984', '5575980816_5576448608', '5576650976_5576886992', '4488612512_5576103584', '5575509392_5576043088', '5053859600_5573087872']"
/Users/nngu0448/Documents/data/REDCap-VisReflect/Version_1/round_1/sample_095_1/annotations/t2v_notebook_true/annotation_0000_log,1.0,['4390978000_4905109456']
/Users/nngu0448/Documents/data/REDCap-VisReflect/Version_1/round_1/sample_096_1/annotations/t2v_notebook_true/annotation_0000_log,1.0,['4556889200_5582822080']
/Users/nngu0448/Documents/data/REDCap-VisReflect/Version_1/round_1/sample_096_2/annotations/t2v_notebook_true/annotation_0000_log,18.0,"['4426734656_4963539120', '4426734656_4963327424', '4426734656_4963323344', '4426734656_4965490352', '4426734656_5100511520', '4426734656_5101304192', '4426734656_5100909296', '4426734656_4965308064', '4426734656_5100693376', '4426734656_5101712976', '4426734656_4963723280', '4426734656_4963323392', '4426734656_4963326560', '4426734656_4963326656', '4426734656_4965488384', '4426734656_4963325360', '4426734656_5101515120', '4426734656_4964120912']"
/Users/nngu0448/Documents/data/REDCap-VisReflect/Version_1/round_1/sample_098_1/annotations/t2v_notebook_true/annotation_0000_log,4.0,"['4420898928_4870522688', '4420898928_5136903984', '4420898928_5137453456', '4420898928_5136506064']"
/Users/nngu0448/Documents/data/REDCap-VisReflect/Version_1/round_1/sample_099_1/annotations/t2v_notebook_true/annotation_0000_log,1.0,['5137523456_5155905824']
/Users/nngu0448/Documents/data/REDCap-VisReflect/Version_1/round_1/sample_100_1/annotations/t2v_notebook_true/annotation_0000_log,5.0,"['4560164992_5370515664', '4560164992_5370347344', '4560164992_5370746096', '4560164992_5371550256', '4560164992_5370743120']"
/Users/nngu0448/Documents/data/REDCap-VisReflect/Version_1/round_1/sample_101_1/annotations/t2v_notebook_true/annotation_0000_log,1.0,['4423353024_5367699584']
/Users/nngu0448/Documents/data/REDCap-VisReflect/Version_1/round_1/sample_102_1/annotations/t2v_notebook_true/annotation_0000_log,1.0,['4433773488_4973054000']
/Users/nngu0448/Documents/data/REDCap-VisReflect/Version_1/round_1/sample_103_1/annotations/t2v_notebook_true/annotation_0000_log,2.0,"['4489916784_5405101184', '4489916784_5405105504']"
/Users/nngu0448/Documents/data/REDCap-VisReflect/Version_1/round_1/sample_104_1/annotations/t2v_notebook_true/annotation_0000_log,1.0,['4891941568_4889776720']
/Users/nngu0448/Documents/data/REDCap-VisReflect/Version_1/round_1/sample_105_1/annotations/t2v_notebook_true/annotation_0000_log,1.0,['5440559568_5440752624']
/Users/nngu0448/Documents/data/REDCap-VisReflect/Version_1/round_1/sample_106_1/annotations/t2v_notebook_true/annotation_0000_log,1.0,['4428092896_5185985120']
/Users/nngu0448/Documents/data/REDCap-VisReflect/Version_1/round_1/sample_106_2/annotations/t2v_notebook_true/annotation_0000_log,1.0,['4365983600_5405330272']
/Users/nngu0448/Documents/data/REDCap-VisReflect/Version_1/round_1/sample_107_1/annotations/t2v_notebook_true/annotation_0000_log,0.0,[]
/Users/nngu0448/Documents/data/REDCap-VisReflect/Version_1/round_1/sample_108_1/annotations/t2v_notebook_true/annotation_0000_log,6.0,"['4360542960_4876712368', '4360542960_4875553392', '4360542960_4875806928', '4360542960_4875557808', '4360542960_4875806304', '4360542960_4876530080']"
/Users/nngu0448/Documents/data/REDCap-VisReflect/Version_1/round_1/sample_111_1/annotations/t2v_notebook_true/annotation_0000_log,1.0,['4672067760_6241267600']
/Users/nngu0448/Documents/data/REDCap-VisReflect/Version_1/round_1/sample_112_1/annotations/t2v_notebook_true/annotation_0000_log,1.0,['4664703984_5715495008']
/Users/nngu0448/Documents/data/REDCap-VisReflect/Version_1/round_1/sample_117_1/annotations/t2v_notebook_true/annotation_0000_log,1.0,['6094020560_6096633536']
/Users/nngu0448/Documents/data/REDCap-VisReflect/Version_1/round_1/sample_117_1/annotations/t2v_notebook_true/annotation_0001_log,1.0,['5372894032_5372892256']
/Users/nngu0448/Documents/data/REDCap-VisReflect/Version_1/round_1/sample_119_1/annotations/t2v_notebook_true/annotation_0000_log,2.0,"['4515693968_5343317072', '4515693968_5343317120']"
/Users/nngu0448/Documents/data/REDCap-VisReflect/Version_1/round_1/sample_121_1/annotations/t2v_notebook_true/annotation_0000_log,18.0,"['4488145632_4941985072', '4488145632_4943322512', '4488145632_4943671520', '4488145632_4944295408', '4488145632_4941648656', '4488145632_4942739408', '4488145632_4941981328', '4488145632_4941037744', '4488145632_4941832624', '4488145632_4941448880', '4488145632_4940903440', '4488145632_4941837760', '4488145632_4942363344', '4488145632_4943471696', '4488145632_4940898976', '4488145632_4941451136', '4488145632_4944067856', '4488145632_4943865872']"
/Users/nngu0448/Documents/data/REDCap-VisReflect/Version_1/round_1/sample_121_2/annotations/t2v_notebook_true/annotation_0000_log,1.0,['4822101136_4822242688']
/Users/nngu0448/Documents/data/REDCap-VisReflect/Version_1/round_1/sample_122_1/annotations/t2v_notebook_true/annotation_0000_log,1.0,['5359620928_5605379776']
/Users/nngu0448/Documents/data/REDCap-VisReflect/Version_1/round_1/sample_133_1/annotations/t2v_notebook_true/annotation_0000_log,1.0,['4572661184_5741694368']
/Users/nngu0448/Documents/data/REDCap-VisReflect/Version_1/round_1/sample_134_1/annotations/t2v_notebook_true/annotation_0000_log,1.0,['4948434032_4390899872']
/Users/nngu0448/Documents/data/REDCap-VisReflect/Version_1/round_1/sample_135_1/annotations/t2v_notebook_true/annotation_0000_log,4.0,"['4600872016_5609156064', '4600872016_5608906944', '4600872016_5609289968', '4600872016_5608904016']"
/Users/nngu0448/Documents/data/REDCap-VisReflect/Version_1/round_1/sample_137_1/annotations/t2v_notebook_true/annotation_0000_log,1.0,['4943549920_4943678160']
/Users/nngu0448/Documents/data/REDCap-VisReflect/Version_1/round_1/sample_139_1/annotations/t2v_notebook_true/annotation_0000_log,2.0,"['4395193968_4962415872', '4395193968_5374921232']"
/Users/nngu0448/Documents/data/REDCap-VisReflect/Version_1/round_1/sample_140_1/annotations/t2v_notebook_true/annotation_0000_log,2.0,"['5265636768_5267837328', '5265636768_5267837376']"
/Users/nngu0448/Documents/data/REDCap-VisReflect/Version_1/round_1/sample_140_2/annotations/t2v_notebook_true/annotation_0000_log,1.0,['4394239472_5121609216']
/Users/nngu0448/Documents/data/REDCap-VisReflect/Version_1/round_1/sample_144_1/annotations/t2v_notebook_true/annotation_0000_log,3.0,"['4569439872_5611686176', '4569439872_5612692656', '4569439872_5611902960']"
/Users/nngu0448/Documents/data/REDCap-VisReflect/Version_1/round_1/sample_145_1/annotations/t2v_notebook_true/annotation_0000_log,1.0,['5366691744_5749872576']
/Users/nngu0448/Documents/data/REDCap-VisReflect/Version_1/round_1/sample_147_1/annotations/t2v_notebook_true/annotation_0000_log,1.0,['4390981552_5275336000']
/Users/nngu0448/Documents/data/REDCap-VisReflect/Version_1/round_1/sample_148_1/annotations/t2v_notebook_true/annotation_0000_log,4.0,"['4364540224_5545557312', '4364540224_5545552176', '4364540224_5545319440', '4364540224_5545314976']"
/Users/nngu0448/Documents/data/REDCap-VisReflect/Version_1/round_1/sample_149_1/annotations/t2v_notebook_true/annotation_0000_log,3.0,"['4566276272_5620736912', '4566276272_5604345904', '4566276272_5365754832']"
/Users/nngu0448/Documents/data/REDCap-VisReflect/Version_1/round_1/sample_151_1/annotations/t2v_notebook_true/annotation_0000_log,6.0,"['4515781840_5087988048', '4515781840_5087992128', '4515781840_5088239472', '4515781840_5088967904', '4515781840_5089325808', '4515781840_5088765152']"
/Users/nngu0448/Documents/data/REDCap-VisReflect/Version_1/round_1/sample_152_1/annotations/t2v_notebook_true/annotation_0000_log,2.0,"['4501631248_4889402192', '4501631248_4889406416']"
/Users/nngu0448/Documents/data/REDCap-VisReflect/Version_1/round_1/sample_159_1/annotations/t2v_notebook_true/annotation_0000_log,1.0,['4971100880_4969466096']
/Users/nngu0448/Documents/data/REDCap-VisReflect/Version_1/round_1/sample_159_1/annotations/t2v_notebook_true/annotation_0001_log,1.0,['5420722000_5407782528']
/Users/nngu0448/Documents/data/REDCap-VisReflect/Version_1/round_1/sample_159_1/annotations/t2v_notebook_true/annotation_0002_log,1.0,['5353223616_5240142688']
/Users/nngu0448/Documents/data/REDCap-VisReflect/Version_1/round_1/sample_162_1/annotations/t2v_notebook_true/annotation_0000_log,1.0,['4392195984_5099915744']
/Users/nngu0448/Documents/data/REDCap-VisReflect/Version_1/round_1/sample_169_1/annotations/t2v_notebook_true/annotation_0000_log,3.0,"['5492694944_5494198240', '5492694944_5493018448', '5492694944_5496656416']"
/Users/nngu0448/Documents/data/REDCap-VisReflect/Version_1/round_1/sample_174_1/annotations/t2v_notebook_true/annotation_0000_log,1.0,['4817637776_4824814160']
/Users/nngu0448/Documents/data/REDCap-VisReflect/Version_1/round_1/sample_175_1/annotations/t2v_notebook_true/annotation_0000_log,1.0,['4361526480_4912052992']
/Users/nngu0448/Documents/data/REDCap-VisReflect/Version_1/round_1/sample_177_1/annotations/t2v_notebook_true/annotation_0000_log,1.0,['4488346752_5415391824']
/Users/nngu0448/Documents/data/REDCap-VisReflect/Version_1/round_1/sample_178_1/annotations/t2v_notebook_true/annotation_0000_log,1.0,['5216801408_5438757088']
/Users/nngu0448/Documents/data/REDCap-VisReflect/Version_1/round_1/sample_179_1/annotations/t2v_notebook_true/annotation_0000_log,1.0,['4904147936_4903956224']
/Users/nngu0448/Documents/data/REDCap-VisReflect/Version_1/round_1/sample_180_1/annotations/t2v_notebook_true/annotation_0000_log,1.0,['4454150368_5807065760']
/Users/nngu0448/Documents/data/REDCap-VisReflect/Version_1/round_1/sample_182_1/annotations/t2v_notebook_true/annotation_0000_log,6.0,"['4985342480_5000455440', '4985342480_5001870512', '4985342480_5002419168', '4985342480_5000460144', '4985342480_5002054064', '4985342480_5000455392']"
/Users/nngu0448/Documents/data/REDCap-VisReflect/Version_1/round_1/sample_182_2/annotations/t2v_notebook_true/annotation_0000_log,1.0,['5018547312_5092637056']
/Users/nngu0448/Documents/data/REDCap-VisReflect/Version_1/round_1/sample_184_1/annotations/t2v_notebook_true/annotation_0000_log,3.0,"['5134563616_5134741104', '5134563616_5135940352', '5134563616_5134745184']"
/Users/nngu0448/Documents/data/REDCap-VisReflect/Version_1/round_1/sample_184_2/annotations/t2v_notebook_true/annotation_0000_log,2.0,"['5091356512_5269380112', '5091356512_4656760256']"
/Users/nngu0448/Documents/data/REDCap-VisReflect/Version_1/round_1/sample_187_1/annotations/t2v_notebook_true/annotation_0000_log,1.0,['6063889424_6073113184']
/Users/nngu0448/Documents/data/REDCap-VisReflect/Version_1/round_1/sample_188_1/annotations/t2v_notebook_true/annotation_0000_log,6.0,"['4963546320_4965605856', '4963546320_4965776560', '4963546320_4964447824', '4963546320_4965234640', '4963546320_4965224272', '4963546320_4964447872']"
/Users/nngu0448/Documents/data/REDCap-VisReflect/Version_1/round_1/sample_189_1/annotations/t2v_notebook_true/annotation_0000_log,0.0,[]
/Users/nngu0448/Documents/data/REDCap-VisReflect/Version_1/round_1/sample_191_1/annotations/t2v_notebook_true/annotation_0000_log,1.0,['4524204176_5241673664']
/Users/nngu0448/Documents/data/REDCap-VisReflect/Version_1/round_1/sample_191_2/annotations/t2v_notebook_true/annotation_0000_log,1.0,['5050645248_5874846032']
/Users/nngu0448/Documents/data/REDCap-VisReflect/Version_1/round_1/sample_193_1/annotations/t2v_notebook_true/annotation_0000_log,2.0,"['4971543440_5054910240', '4971543440_5054908512']"
/Users/nngu0448/Documents/data/REDCap-VisReflect/Version_1/round_1/sample_195_1/annotations/t2v_notebook_true/annotation_0000_log,1.0,['4429649136_4961553584']
/Users/nngu0448/Documents/data/REDCap-VisReflect/Version_1/round_1/sample_197_1/annotations/t2v_notebook_true/annotation_0000_log,4.0,"['4367751536_5225168432', '4367751536_5225164016', '4367751536_5225731024', '4367751536_5225360336']"
/Users/nngu0448/Documents/data/REDCap-VisReflect/Version_1/round_1/sample_198_1/annotations/t2v_notebook_true/annotation_0000_log,2.0,"['5088073136_5844695280', '4537994512_5842159856']"
/Users/nngu0448/Documents/data/REDCap-VisReflect/Version_1/round_1/sample_200_1/annotations/t2v_notebook_true/annotation_0000_log,0.0,[]
/Users/nngu0448/Documents/data/REDCap-VisReflect/Version_1/round_1/sample_200_2/annotations/t2v_notebook_true/annotation_0000_log,1.0,['5454275280_5454454112']
/Users/nngu0448/Documents/data/REDCap-VisReflect/Version_1/round_1/sample_200_3/annotations/t2v_notebook_true/annotation_0000_log,1.0,['5536774240_5537308624']
/Users/nngu0448/Documents/data/REDCap-VisReflect/Version_1/round_1/sample_206_1/annotations/t2v_notebook_true/annotation_0000_log,0.0,[]
/Users/nngu0448/Documents/data/REDCap-VisReflect/Version_1/round_1/sample_207_1/annotations/t2v_notebook_true/annotation_0000_log,1.0,['4361936944_5278714240']
/Users/nngu0448/Documents/data/REDCap-VisReflect/Version_1/round_1/sample_209_1/annotations/t2v_notebook_true/annotation_0000_log,1.0,['5342846928_5344938464']
/Users/nngu0448/Documents/data/REDCap-VisReflect/Version_1/round_1/sample_210_1/annotations/t2v_notebook_true/annotation_0000_log,3.0,"['4397564560_4541152048', '4397564560_4971213984', '4397564560_4984284528']"
/Users/nngu0448/Documents/data/REDCap-VisReflect/Version_1/round_1/sample_216_1/annotations/t2v_notebook_true/annotation_0000_log,1.0,['4360929792_5253008176']
/Users/nngu0448/Documents/data/REDCap-VisReflect/Version_1/round_1/sample_219_1/annotations/t2v_notebook_true/annotation_0000_log,4.0,"['5209365088_5205324480', '5209365088_5206243760', '5209365088_5211986576', '5209365088_5209977824']"
/Users/nngu0448/Documents/data/REDCap-VisReflect/Version_1/round_1/sample_222_1/annotations/t2v_notebook_true/annotation_0000_log,2.0,"['4392946816_4930213008', '4392946816_4930217232']"
/Users/nngu0448/Documents/data/REDCap-VisReflect/Version_1/round_1/sample_224_1/annotations/t2v_notebook_true/annotation_0000_log,6.0,"['4568378944_5608619472', '4568378944_5608608864', '4568378944_5608009328', '4568378944_5608005008', '4568378944_5608730896', '4568378944_5608898784']"
/Users/nngu0448/Documents/data/REDCap-VisReflect/Version_1/round_1/sample_229_1/annotations/t2v_notebook_true/annotation_0000_log,2.0,"['4459535280_5070202656', '4459535280_5070002688']"
/Users/nngu0448/Documents/data/REDCap-VisReflect/Version_1/round_1/sample_233_1/annotations/t2v_notebook_true/annotation_0000_log,2.0,"['6276606208_6276530048', '6276606208_6276448720']"
/Users/nngu0448/Documents/data/REDCap-VisReflect/Version_1/round_1/sample_235_1/annotations/t2v_notebook_true/annotation_0000_log,1.0,['4389247584_4933018848']
/Users/nngu0448/Documents/data/REDCap-VisReflect/Version_1/round_1/sample_238_1/annotations/t2v_notebook_true/annotation_0000_log,18.0,"['5667603952_5668640176', '5667206112_5670301440', '4400670880_5667617536', '5666593664_5667996496', '5666755536_5669434480', '5670466384_5758786960', '5666602928_5760842496', '5758582960_5759757264', '5668881568_5761465088', '5669345120_5665667360', '5471394208_5669893520', '5666985824_5669057600', '4400670928_5666586704', '5665384080_5665658720', '5759257968_5759754000', '5669236816_5668895488', '5759927792_5760508576', '5667997552_5666662800']"
/Users/nngu0448/Documents/data/REDCap-VisReflect/Version_1/round_1/sample_239_1/annotations/t2v_notebook_true/annotation_0000_log,4.0,"['4589324432_6078556368', '4589324432_6078319744', '4589324432_6276477248', '4589324432_6078324208']"
/Users/nngu0448/Documents/data/REDCap-VisReflect/Version_1/round_1/sample_241_1/annotations/t2v_notebook_true/annotation_0000_log,1.0,['4402150048_5209033472']
/Users/nngu0448/Documents/data/REDCap-VisReflect/Version_1/round_1/sample_242_1/annotations/t2v_notebook_true/annotation_0000_log,1.0,['5265278208_5270097648']
/Users/nngu0448/Documents/data/REDCap-VisReflect/Version_1/round_1/sample_243_1/annotations/t2v_notebook_true/annotation_0000_log,3.0,"['4561838896_5840331808', '4561838896_5840515872', '4561838896_5840515680']"
/Users/nngu0448/Documents/data/REDCap-VisReflect/Version_1/round_1/sample_244_1/annotations/t2v_notebook_true/annotation_0000_log,1.0,['4709871504_5313268768']
/Users/nngu0448/Documents/data/REDCap-VisReflect/Version_1/round_1/sample_245_1/annotations/t2v_notebook_true/annotation_0000_log,3.0,"['4430086064_6047643024', '4430086064_6049350576', '4430086064_5476398336']"
/Users/nngu0448/Documents/data/REDCap-VisReflect/Version_1/round_1/sample_246_1/annotations/t2v_notebook_true/annotation_0000_log,8.0,"['5556280912_5559171600', '5556280912_5559172128', '5556280912_5564858640', '5556280912_5562824848', '5556280912_5564315888', '5556280912_5569135824', '5556280912_5558758592', '5556280912_5562983264']"
/Users/nngu0448/Documents/data/REDCap-VisReflect/Version_1/round_1/sample_250_1/annotations/t2v_notebook_true/annotation_0000_log,6.0,"['5575877184_5593986832', '5575877184_5600351808', '5575877184_5593983712', '5575877184_5599821168', '5575877184_5599996352', '5575877184_5599819200']"
/Users/nngu0448/Documents/data/REDCap-VisReflect/Version_1/round_1/sample_252_1/annotations/t2v_notebook_true/annotation_0000_log,1.0,['5370062960_5370907632']
/Users/nngu0448/Documents/data/REDCap-VisReflect/Version_1/round_1/sample_253_1/annotations/t2v_notebook_true/annotation_0000_log,1.0,['5253863216_5254007456']
/Users/nngu0448/Documents/data/REDCap-VisReflect/Version_1/round_1/sample_262_1/annotations/t2v_notebook_true/annotation_0000_log,2.0,"['4364952464_6078374272', '4364952464_6078374320']"
/Users/nngu0448/Documents/data/REDCap-VisReflect/Version_1/round_1/sample_266_1/annotations/t2v_notebook_true/annotation_0000_log,1.0,['5211754032_6040964176']
/Users/nngu0448/Documents/data/REDCap-VisReflect/Version_1/round_1/sample_267_1/annotations/t2v_notebook_true/annotation_0000_log,1.0,['4404790480_6245387056']
/Users/nngu0448/Documents/data/REDCap-VisReflect/Version_1/round_1/sample_268_1/annotations/t2v_notebook_true/annotation_0000_log,1.0,['5057893904_5058006240']
/Users/nngu0448/Documents/data/REDCap-VisReflect/Version_1/round_1/sample_269_1/annotations/t2v_notebook_true/annotation_0000_log,3.0,"['4589334272_6019050544', '4589334272_6019282320', '4589334272_6019046128']"
/Users/nngu0448/Documents/data/REDCap-VisReflect/Version_1/round_1/sample_270_1/annotations/t2v_notebook_true/annotation_0000_log,1.0,['5633730240_5633105968']
/Users/nngu0448/Documents/data/REDCap-VisReflect/Version_1/round_1/sample_271_1/annotations/t2v_notebook_true/annotation_0000_log,1.0,['5982402464_5982865744']
/Users/nngu0448/Documents/data/REDCap-VisReflect/Version_1/round_1/sample_277_1/annotations/t2v_notebook_true/annotation_0000_log,1.0,['5538407024_5546708240']
/Users/nngu0448/Documents/data/REDCap-VisReflect/Version_1/round_1/sample_278_1/annotations/t2v_notebook_true/annotation_0000_log,1.0,['5021689584_5089241920']
/Users/nngu0448/Documents/data/REDCap-VisReflect/Version_1/round_1/sample_280_1/annotations/t2v_notebook_true/annotation_0000_log,2.0,"['4551933392_5950942112', '4551933392_5936091824']"
/Users/nngu0448/Documents/data/REDCap-VisReflect/Version_1/round_1/sample_282_1/annotations/t2v_notebook_true/annotation_0000_log,1.0,['4394351504_5574364528']
/Users/nngu0448/Documents/data/REDCap-VisReflect/Version_1/round_1/sample_283_1/annotations/t2v_notebook_true/annotation_0000_log,1.0,['5077540432_5609540352']
/Users/nngu0448/Documents/data/REDCap-VisReflect/Version_1/round_1/sample_288_1/annotations/t2v_notebook_true/annotation_0000_log,1.0,['4362653232_4687906192']
/Users/nngu0448/Documents/data/REDCap-VisReflect/Version_1/round_1/sample_289_1/annotations/t2v_notebook_true/annotation_0000_log,1.0,['4949924448_4950069216']
/Users/nngu0448/Documents/data/REDCap-VisReflect/Version_1/round_1/sample_290_1/annotations/t2v_notebook_true/annotation_0000_log,1.0,['4655342720_4685887536']
/Users/nngu0448/Documents/data/REDCap-VisReflect/Version_1/round_1/sample_291_1/annotations/t2v_notebook_true/annotation_0000_log,8.0,"['4395355504_5576080656', '4395355504_5576221536', '4395355504_5575881312', '4395355504_5574873920', '4395355504_5576220864', '4395355504_5575633920', '4395355504_5575504144', '4395355504_5574878336']"
/Users/nngu0448/Documents/data/REDCap-VisReflect/Version_1/round_1/sample_293_1/annotations/t2v_notebook_true/annotation_0000_log,1.0,['4397344064_5443946976']
/Users/nngu0448/Documents/data/REDCap-VisReflect/Version_1/round_1/sample_294_1/annotations/t2v_notebook_true/annotation_0000_log,27.0,"['5482422896_6025551632', '5368936832_5482122272', '5368936832_5481061536', '6049993920_6051163424', '5482422896_6046759872', '5368936832_5482834848', '6049993920_6049998816', '6049993920_6051593584', '5482422896_6046578016', '5482422896_6025471872', '5368936832_5481064656', '6049993920_6063420432', '5368936832_5481717472', '6049993920_6051162656', '5482422896_6025770864', '5368936832_5482636656', '5482422896_6025891232', '5368936832_5482121744', '5368936832_5481061584', '5482422896_6024877152', '5482422896_6023882720', '6049993920_6063412512', '5368936832_5482284384', '5482422896_6026030608', '6049993920_6063263184', '6049993920_6051249712', '6049993920_6051156752']"
/Users/nngu0448/Documents/data/REDCap-VisReflect/Version_1/round_1/sample_297_1/annotations/t2v_notebook_true/annotation_0000_log,1.0,['4782831520_5621177120']
/Users/nngu0448/Documents/data/REDCap-VisReflect/Version_1/round_1/sample_299_1/annotations/t2v_notebook_true/annotation_0000_log,1.0,['4543226384_5682022688']
/Users/nngu0448/Documents/data/REDCap-VisReflect/Version_1/round_1/sample_300_1/annotations/t2v_notebook_true/annotation_0000_log,1.0,['4366588656_5413456352']
/Users/nngu0448/Documents/data/REDCap-VisReflect/Version_1/round_1/sample_301_1/annotations/t2v_notebook_true/annotation_0000_log,2.0,"['4398537696_4943516672', '4398537696_4943513696']"
/Users/nngu0448/Documents/data/REDCap-VisReflect/Version_1/round_1/sample_304_1/annotations/t2v_notebook_true/annotation_0000_log,1.0,['5034169152_6229281776']
/Users/nngu0448/Documents/data/REDCap-VisReflect/Version_1/round_1/sample_305_1/annotations/t2v_notebook_true/annotation_0000_log,1.0,['4698700400_5849900544']
/Users/nngu0448/Documents/data/REDCap-VisReflect/Version_1/round_1/sample_308_1/annotations/t2v_notebook_true/annotation_0000_log,1.0,['4399504256_5454434992']
/Users/nngu0448/Documents/data/REDCap-VisReflect/Version_1/round_1/sample_314_1/annotations/t2v_notebook_true/annotation_0000_log,1.0,['4423130032_5451372048']
/Users/nngu0448/Documents/data/REDCap-VisReflect/Version_1/round_1/sample_315_1/annotations/t2v_notebook_true/annotation_0000_log,3.0,"['4415282240_4754662336', '4415282240_5579680912', '4415282240_5579537920']"
/Users/nngu0448/Documents/data/REDCap-VisReflect/Version_1/round_1/sample_317_1/annotations/t2v_notebook_true/annotation_0000_log,1.0,['5415340272_5411675776']
/Users/nngu0448/Documents/data/REDCap-VisReflect/Version_1/round_1/sample_319_1/annotations/t2v_notebook_true/annotation_0000_log,1.0,['4972048608_4427219264']
/Users/nngu0448/Documents/data/REDCap-VisReflect/Version_1/round_1/sample_323_1/annotations/t2v_notebook_true/annotation_0000_log,1.0,['5343097968_5347608720']
/Users/nngu0448/Documents/data/REDCap-VisReflect/Version_1/round_1/sample_323_1/annotations/t2v_notebook_true/annotation_0001_log,1.0,['4507909632_6052737968']
/Users/nngu0448/Documents/data/REDCap-VisReflect/Version_1/round_1/sample_323_1/annotations/t2v_notebook_true/annotation_0002_log,1.0,['4540538592_6339298656']
/Users/nngu0448/Documents/data/REDCap-VisReflect/Version_1/round_1/sample_323_1/annotations/t2v_notebook_true/annotation_0003_log,1.0,['4483843616_5879690832']
/Users/nngu0448/Documents/data/REDCap-VisReflect/Version_1/round_1/sample_326_1/annotations/t2v_notebook_true/annotation_0000_log,1.0,['4932479472_5603173600']
/Users/nngu0448/Documents/data/REDCap-VisReflect/Version_1/round_1/sample_327_1/annotations/t2v_notebook_true/annotation_0000_log,3.0,"['4434807216_5097745024', '4434807216_5097740512', '4434807216_5097977376']"
/Users/nngu0448/Documents/data/REDCap-VisReflect/Version_1/round_1/sample_327_1/annotations/t2v_notebook_true/annotation_0001_log,1.0,['5820331312_5839889344']
/Users/nngu0448/Documents/data/REDCap-VisReflect/Version_1/round_1/sample_328_1/annotations/t2v_notebook_true/annotation_0000_log,1.0,['5471616176_5485895248']
/Users/nngu0448/Documents/data/REDCap-VisReflect/Version_1/round_1/sample_329_1/annotations/t2v_notebook_true/annotation_0000_log,60.0,"['5475422368_5476285136', '5484509904_5483036592', '5471095984_5472400064', '5471985568_5478083920', '5472930992_5478724288', '5478115344_5481794448', '5472665968_5482045200', '5480372112_5471333712', '5478115344_5478121200', '5479930512_5479928832', '5472665968_5480115536', '5478723952_5473315840', '5471095984_5476906144', '5474799776_5475419680', '5475422368_5474278080', '5478723952_5478741056', '5478115344_5475600336', '5484509904_5482039968', '5472930992_5471323344', '5484509904_5484510960', '5475422368_5475093824', '5471985568_5477509280', '5471095984_5471328576', '5480372112_5471330064', '5479930512_5476842672', '5480372112_5479520288', '5471985568_5472144368', '5478115344_5477951792', '4931891136_5473507696', '5471985568_5475289856', '5479930512_5483475456', '5471095984_5470905568', '5478723952_5480595824', '5474799776_5469613488', '5478115344_5481903216', '5484509904_5472952080', '5472665968_5472957264', '4931891136_5474285712', '4931891136_5474061344', '5478723952_5472521920', '5474799776_5470124368', '5472665968_5482803856', '5479930512_5479865264', '5475422368_5475105632', '5484509904_5472956160', '5480372112_5479874048', '5471985568_5478105984', '5474799776_5475613968', '5474799776_5469925648', '4931891136_5474287344', '5475422368_5474272320', '5472930992_5482597216', '5480372112_5479379648', '5472930992_5472764800', '5478723952_5479367696', '5479930512_5479928544', '5472665968_5481977648', '5472930992_5472529648', '4931891136_5473512016', '5471095984_5475834320']"
/Users/nngu0448/Documents/data/REDCap-VisReflect/Version_1/round_1/sample_330_1/annotations/t2v_notebook_true/annotation_0000_log,6.0,"['5602368240_5602781584', '5602368240_4880580336', '5602368240_5602562592', '5602368240_5603764000', '5602368240_5602780960', '5602368240_5603606160']"
/Users/nngu0448/Documents/data/REDCap-VisReflect/Version_1/round_1/sample_336_1/annotations/t2v_notebook_true/annotation_0000_log,4.0,"['4420326544_5221272704', '4420326544_5222101888', '4420326544_5221272656', '4420326544_5221902160']"
/Users/nngu0448/Documents/data/REDCap-VisReflect/Version_1/round_1/sample_337_1/annotations/t2v_notebook_true/annotation_0000_log,1.0,['5029634912_5044090736']
/Users/nngu0448/Documents/data/REDCap-VisReflect/Version_1/round_1/sample_337_2/annotations/t2v_notebook_true/annotation_0000_log,1.0,['4956119232_4963617056']
/Users/nngu0448/Documents/data/REDCap-VisReflect/Version_1/round_1/sample_340_1/annotations/t2v_notebook_true/annotation_0000_log,1.0,['5548025920_5548027312']
/Users/nngu0448/Documents/data/REDCap-VisReflect/Version_1/round_1/sample_341_1/annotations/t2v_notebook_true/annotation_0000_log,2.0,"['4366452928_4909976704', '4366452928_4909980976']"
/Users/nngu0448/Documents/data/REDCap-VisReflect/Version_1/round_1/sample_342_1/annotations/t2v_notebook_true/annotation_0000_log,1.0,['4424563120_5118891536']
/Users/nngu0448/Documents/data/REDCap-VisReflect/Version_1/round_1/sample_342_2/annotations/t2v_notebook_true/annotation_0000_log,1.0,['5329399840_5329663616']
/Users/nngu0448/Documents/data/REDCap-VisReflect/Version_1/round_1/sample_343_1/annotations/t2v_notebook_true/annotation_0000_log,1.0,['4389045744_5537286192']
/Users/nngu0448/Documents/data/REDCap-VisReflect/Version_1/round_1/sample_349_1/annotations/t2v_notebook_true/annotation_0000_log,1.0,['4453843456_4917528864']
/Users/nngu0448/Documents/data/REDCap-VisReflect/Version_1/round_1/sample_351_1/annotations/t2v_notebook_true/annotation_0000_log,1.0,['5092462752_5092607568']
/Users/nngu0448/Documents/data/REDCap-VisReflect/Version_1/round_1/sample_354_1/annotations/t2v_notebook_true/annotation_0000_log,4.0,"['4936379968_5553999696', '4936379968_5554004112', '4936379968_5554248528', '4936379968_5554517584']"
/Users/nngu0448/Documents/data/REDCap-VisReflect/Version_1/round_1/sample_355_1/annotations/t2v_notebook_true/annotation_0000_log,9.0,"['5212482944_5215642560', '5212482944_5215294272', '5212482944_5216007664', '5212482944_5212153968', '5212482944_5215079408', '5212482944_5212149072', '5212482944_5215635792', '5212482944_5215455664', '5212482944_5212697904']"
/Users/nngu0448/Documents/data/REDCap-VisReflect/Version_1/round_1/sample_356_1/annotations/t2v_notebook_true/annotation_0000_log,1.0,['4965449552_4974136688']
/Users/nngu0448/Documents/data/REDCap-VisReflect/Version_1/round_1/sample_357_1/annotations/t2v_notebook_true/annotation_0000_log,1.0,['5553821104_5553949440']
/Users/nngu0448/Documents/data/REDCap-VisReflect/Version_1/round_1/sample_358_1/annotations/t2v_notebook_true/annotation_0000_log,4.0,"['4432807504_4976588080', '4432807504_4976000992', '4432807504_4977347088', '4432807504_4977579728']"
/Users/nngu0448/Documents/data/REDCap-VisReflect/Version_1/round_1/sample_359_1/annotations/t2v_notebook_true/annotation_0000_log,2.0,"['5104089616_5166183392', '5104089616_5165540048']"
/Users/nngu0448/Documents/data/REDCap-VisReflect/Version_1/round_1/sample_359_2/annotations/t2v_notebook_true/annotation_0000_log,1.0,['6089635552_6091408976']
/Users/nngu0448/Documents/data/REDCap-VisReflect/Version_1/round_1/sample_359_3/annotations/t2v_notebook_true/annotation_0000_log,1.0,['5092289584_5555636416']
/Users/nngu0448/Documents/data/REDCap-VisReflect/Version_1/round_1/sample_360_1/annotations/t2v_notebook_true/annotation_0000_log,4.0,"['4402608224_5142145232', '4402608224_5160479264', '4402608224_5160481088', '4402608224_5141892800']"
/Users/nngu0448/Documents/data/REDCap-VisReflect/Version_1/round_1/sample_361_1/annotations/t2v_notebook_true/annotation_0000_log,1.0,['4361166992_5314938640']
/Users/nngu0448/Documents/data/REDCap-VisReflect/Version_1/round_1/sample_362_1/annotations/t2v_notebook_true/annotation_0000_log,3.0,"['4359201488_4688146464', '4359201488_4687892400', '4359201488_4687896768']"
/Users/nngu0448/Documents/data/REDCap-VisReflect/Version_1/round_1/sample_363_1/annotations/t2v_notebook_true/annotation_0000_log,1.0,['4364934544_6146953904']
/Users/nngu0448/Documents/data/REDCap-VisReflect/Version_1/round_1/sample_365_1/annotations/t2v_notebook_true/annotation_0000_log,1.0,['4667700864_6081759472']
/Users/nngu0448/Documents/data/REDCap-VisReflect/Version_1/round_1/sample_366_1/annotations/t2v_notebook_true/annotation_0000_log,5.0,"['5405280928_5405065392', '5138924656_5403019840', '5405065680_5404726560', '5404789360_5405423760', '5403243584_5404723536']"
/Users/nngu0448/Documents/data/REDCap-VisReflect/Version_1/round_1/sample_366_1/annotations/t2v_notebook_true/annotation_0001_log,1.0,['4911747040_4917869216']
/Users/nngu0448/Documents/data/REDCap-VisReflect/Version_1/round_1/sample_367_1/annotations/t2v_notebook_true/annotation_0000_log,1.0,['4951749792_4962585632']
/Users/nngu0448/Documents/data/REDCap-VisReflect/Version_1/round_1/sample_368_1/annotations/t2v_notebook_true/annotation_0000_log,2.0,"['4542584048_13650195184', '4542584048_13658257456']"
/Users/nngu0448/Documents/data/REDCap-VisReflect/Version_1/round_1/sample_368_2/annotations/t2v_notebook_true/annotation_0000_log,1.0,['4454444032_5136372544']
/Users/nngu0448/Documents/data/REDCap-VisReflect/Version_1/round_1/sample_370_1/annotations/t2v_notebook_true/annotation_0000_log,1.0,['5041829024_5045640592']
/Users/nngu0448/Documents/data/REDCap-VisReflect/Version_1/round_1/sample_373_1/annotations/t2v_notebook_true/annotation_0000_log,3.0,"['4668186960_5880187648', '4668186960_5880192160', '4668186960_5880197056']"
/Users/nngu0448/Documents/data/REDCap-VisReflect/Version_1/round_1/sample_376_1/annotations/t2v_notebook_true/annotation_0000_log,1.0,['5408535280_5412408784']
/Users/nngu0448/Documents/data/REDCap-VisReflect/Version_1/round_1/sample_378_1/annotations/t2v_notebook_true/annotation_0000_log,4.0,"['5575768688_5581048288', '5575768688_5581060048', '5575768688_5581048336', '5575768688_5581223888']"
/Users/nngu0448/Documents/data/REDCap-VisReflect/Version_1/round_1/sample_381_1/annotations/t2v_notebook_true/annotation_0000_log,1.0,['4569685392_5022435856']
/Users/nngu0448/Documents/data/REDCap-VisReflect/Version_1/round_1/sample_385_1/annotations/t2v_notebook_true/annotation_0000_log,0.0,[]
/Users/nngu0448/Documents/data/REDCap-VisReflect/Version_1/round_1/sample_386_1/annotations/t2v_notebook_true/annotation_0000_log,4.0,"['5081094368_5081325136', '4399839952_5081090624', '4399839952_5081333152', '5081094368_5081327824']"
/Users/nngu0448/Documents/data/REDCap-VisReflect/Version_1/round_1/sample_389_1/annotations/t2v_notebook_true/annotation_0000_log,1.0,['5157758224_5501502000']
/Users/nngu0448/Documents/data/REDCap-VisReflect/Version_1/round_1/sample_390_1/annotations/t2v_notebook_true/annotation_0000_log,1.0,['5063554976_5083172592']
/Users/nngu0448/Documents/data/REDCap-VisReflect/Version_1/round_1/sample_390_2/annotations/t2v_notebook_true/annotation_0000_log,1.0,['4600241600_4955100592']
/Users/nngu0448/Documents/data/REDCap-VisReflect/Version_1/round_1/sample_393_1/annotations/t2v_notebook_true/annotation_0000_log,1.0,['4730741072_5086447856']
/Users/nngu0448/Documents/data/REDCap-VisReflect/Version_1/round_1/sample_393_2/annotations/t2v_notebook_true/annotation_0000_log,1.0,['4431774640_5746527024']
/Users/nngu0448/Documents/data/REDCap-VisReflect/Version_1/round_1/sample_397_1/annotations/t2v_notebook_true/annotation_0000_log,2.0,"['4527234688_5623255392', '4527234688_5623481456']"
/Users/nngu0448/Documents/data/REDCap-VisReflect/Version_1/round_1/sample_397_2/annotations/t2v_notebook_true/annotation_0000_log,1.0,['5094545968_4366081808']
/Users/nngu0448/Documents/data/REDCap-VisReflect/Version_1/round_1/sample_398_1/annotations/t2v_notebook_true/annotation_0000_log,0.0,[]
/Users/nngu0448/Documents/data/REDCap-VisReflect/Version_1/round_1/sample_399_1/annotations/t2v_notebook_true/annotation_0000_log,1.0,['4735096912_5725513648']
/Users/nngu0448/Documents/data/REDCap-VisReflect/Version_1/round_1/sample_399_2/annotations/t2v_notebook_true/annotation_0000_log,0.0,[]
/Users/nngu0448/Documents/data/REDCap-VisReflect/Version_1/round_1/sample_404_1/annotations/t2v_notebook_true/annotation_0000_log,1.0,['5973284464_5973429088']
/Users/nngu0448/Documents/data/REDCap-VisReflect/Version_1/round_1/sample_407_1/annotations/t2v_notebook_true/annotation_0000_log,1.0,['4842238416_4848702896']
/Users/nngu0448/Documents/data/REDCap-VisReflect/Version_1/round_1/sample_408_1/annotations/t2v_notebook_true/annotation_0000_log,1.0,['4446655776_4890222400']
/Users/nngu0448/Documents/data/REDCap-VisReflect/Version_1/round_1/sample_409_1/annotations/t2v_notebook_true/annotation_0000_log,8.0,"['6072217584_12937778752', '6072217584_6306746432', '6072217584_6307106880', '6072217584_6072215952', '6072217584_6306948800', '6072217584_6306752192', '6072217584_6307327696', '6072217584_6307325152']"
/Users/nngu0448/Documents/data/REDCap-VisReflect/Version_1/round_1/sample_409_2/annotations/t2v_notebook_true/annotation_0000_log,1.0,['4390930192_5113406304']
/Users/nngu0448/Documents/data/REDCap-VisReflect/Version_1/round_1/sample_412_1/annotations/t2v_notebook_true/annotation_0000_log,2.0,"['5476310992_5480683168', '5476310992_5480683216']"
/Users/nngu0448/Documents/data/REDCap-VisReflect/Version_1/round_1/sample_412_2/annotations/t2v_notebook_true/annotation_0000_log,2.0,"['4406873984_5579336080', '4406873984_5579340592']"
/Users/nngu0448/Documents/data/REDCap-VisReflect/Version_1/round_1/sample_419_1/annotations/t2v_notebook_true/annotation_0000_log,8.0,"['4929959984_4941762192', '4929959984_4930525840', '4929959984_4941580624', '4929959984_4941980656', '4929959984_4930525888', '4929959984_4941265712', '4929959984_4930746128', '4929959984_4941038080']"
/Users/nngu0448/Documents/data/REDCap-VisReflect/Version_1/round_1/sample_428_1/annotations/t2v_notebook_true/annotation_0000_log,1.0,['4356817648_5245781152']
/Users/nngu0448/Documents/data/REDCap-VisReflect/Version_1/round_1/sample_430_1/annotations/t2v_notebook_true/annotation_0000_log,1.0,['5141494336_5172869264']
/Users/nngu0448/Documents/data/REDCap-VisReflect/Version_1/round_1/sample_431_1/annotations/t2v_notebook_true/annotation_0000_log,3.0,"['4957691664_4959524128', '4957691664_4959761184', '4957691664_4959528448']"
/Users/nngu0448/Documents/data/REDCap-VisReflect/Version_1/round_1/sample_433_1/annotations/t2v_notebook_true/annotation_0000_log,2.0,"['4681242368_5549022656', '4681242368_5549018240']"
/Users/nngu0448/Documents/data/REDCap-VisReflect/Version_1/round_1/sample_433_2/annotations/t2v_notebook_true/annotation_0000_log,2.0,"['6010572480_6017702976', '6010572480_6017698608']"
/Users/nngu0448/Documents/data/REDCap-VisReflect/Version_1/round_1/sample_439_1/annotations/t2v_notebook_true/annotation_0000_log,4.0,"['5278230160_5278644416', '5278230160_5278481392', '5278230160_5278236352', '5278230160_5278232608']"
/Users/nngu0448/Documents/data/REDCap-VisReflect/Version_1/round_1/sample_439_2/annotations/t2v_notebook_true/annotation_0000_log,3.0,"['5539358016_5543115808', '5539358016_5542899504', '5539358016_5542895184']"
/Users/nngu0448/Documents/data/REDCap-VisReflect/Version_1/round_1/sample_439_3/annotations/t2v_notebook_true/annotation_0000_log,1.0,['5955342352_5964416976']
/Users/nngu0448/Documents/data/REDCap-VisReflect/Version_1/round_1/sample_449_1/annotations/t2v_notebook_true/annotation_0000_log,1.0,['5757568832_5758992560']
/Users/nngu0448/Documents/data/REDCap-VisReflect/Version_1/round_1/sample_453_1/annotations/t2v_notebook_true/annotation_0000_log,1.0,['4944520272_4944926272']
/Users/nngu0448/Documents/data/REDCap-VisReflect/Version_1/round_1/sample_454_1/annotations/t2v_notebook_true/annotation_0000_log,1.0,['4435558768_5347919728']
/Users/nngu0448/Documents/data/REDCap-VisReflect/Version_1/round_1/sample_456_1/annotations/t2v_notebook_true/annotation_0000_log,1.0,['4530260400_5241959872']
/Users/nngu0448/Documents/data/REDCap-VisReflect/Version_1/round_1/sample_457_1/annotations/t2v_notebook_true/annotation_0000_log,2.0,"['4430258752_4990303456', '4430258752_4989994864']"
/Users/nngu0448/Documents/data/REDCap-VisReflect/Version_1/round_1/sample_460_1/annotations/t2v_notebook_true/annotation_0000_log,4.0,"['4844897440_4690228528', '4844897440_4845479520', '4844897440_4845633312', '4844897440_4845484080']"
/Users/nngu0448/Documents/data/REDCap-VisReflect/Version_1/round_1/sample_463_1/annotations/t2v_notebook_true/annotation_0000_log,1.0,['5611018560_5605972528']
/Users/nngu0448/Documents/data/REDCap-VisReflect/Version_1/round_1/sample_464_1/annotations/t2v_notebook_true/annotation_0000_log,1.0,['6071467232_6072389360']
/Users/nngu0448/Documents/data/REDCap-VisReflect/Version_1/round_1/sample_465_1/annotations/t2v_notebook_true/annotation_0000_log,1.0,['4381820208_6309240256']
/Users/nngu0448/Documents/data/REDCap-VisReflect/Version_1/round_1/sample_467_1/annotations/t2v_notebook_true/annotation_0000_log,0.0,[]
/Users/nngu0448/Documents/data/REDCap-VisReflect/Version_1/round_1/sample_468_1/annotations/t2v_notebook_true/annotation_0000_log,4.0,"['4355690848_5099445552', '4355690848_5099441136', '4355690848_5099443488', '4355690848_6074990416']"
/Users/nngu0448/Documents/data/REDCap-VisReflect/Version_1/round_1/sample_470_1/annotations/t2v_notebook_true/annotation_0000_log,1.0,['4930661328_4930920256']
/Users/nngu0448/Documents/data/REDCap-VisReflect/Version_1/round_1/sample_470_2/annotations/t2v_notebook_true/annotation_0000_log,1.0,['4974384944_4974957520']
/Users/nngu0448/Documents/data/REDCap-VisReflect/Version_1/round_1/sample_473_1/annotations/t2v_notebook_true/annotation_0000_log,1.0,['5087699424_5087700192']
/Users/nngu0448/Documents/data/REDCap-VisReflect/Version_1/round_1/sample_476_1/annotations/t2v_notebook_true/annotation_0000_log,3.0,"['6014315856_6036002368', '6014315856_6036486240', '6014315856_6036011344']"
/Users/nngu0448/Documents/data/REDCap-VisReflect/Version_1/round_1/sample_477_1/annotations/t2v_notebook_true/annotation_0000_log,8.0,"['4919208576_5187037488', '4919208576_5187388432', '4919208576_5187750320', '4919208576_5188122576', '4919208576_5188317840', '4919208576_5187039648', '4919208576_5187191104', '4919208576_5187039360']"
/Users/nngu0448/Documents/data/REDCap-VisReflect/Version_1/round_1/sample_481_1/annotations/t2v_notebook_true/annotation_0000_log,1.0,['4793501552_5413589680']
/Users/nngu0448/Documents/data/REDCap-VisReflect/Version_1/round_1/sample_487_1/annotations/t2v_notebook_true/annotation_0000_log,1.0,['4425617904_5223187952']
/Users/nngu0448/Documents/data/REDCap-VisReflect/Version_1/round_1/sample_487_2/annotations/t2v_notebook_true/annotation_0000_log,1.0,['5920030688_5920022960']
/Users/nngu0448/Documents/data/REDCap-VisReflect/Version_1/round_1/sample_487_3/annotations/t2v_notebook_true/annotation_0000_log,1.0,['5362909056_5363271344']
/Users/nngu0448/Documents/data/REDCap-VisReflect/Version_1/round_1/sample_489_1/annotations/t2v_notebook_true/annotation_0000_log,1.0,['5232754560_5108450320']
/Users/nngu0448/Documents/data/REDCap-VisReflect/Version_1/round_1/sample_490_1/annotations/t2v_notebook_true/annotation_0000_log,3.0,"['4768108752_5097298480', '5098210608_5099138144', '5097298384_5098339264']"
/Users/nngu0448/Documents/data/REDCap-VisReflect/Version_1/round_1/sample_490_2/annotations/t2v_notebook_true/annotation_0000_log,6.0,"['5940494512_5940395904', '5232951120_5937794704', '5942175904_5943375104', '4355964272_5940353392', '5940938656_5942068480', '5940652912_5942738576']"
/Users/nngu0448/Documents/data/REDCap-VisReflect/Version_1/round_1/sample_493_1/annotations/t2v_notebook_true/annotation_0000_log,1.0,['4913542832_5613578160']
/Users/nngu0448/Documents/data/REDCap-VisReflect/Version_1/round_1/sample_493_2/annotations/t2v_notebook_true/annotation_0000_log,20.0,"['5311093248_5310319024', '5311093248_5309966352', '5311093248_5312578240', '5311093248_5309959824', '5311093248_5309637952', '5311093248_5313352464', '5311093248_5312593600', '4544396752_5310321856', '5311093248_5312058944', '4544396752_5311432944', '4544396752_5308274336', '4544396752_5309298064', '4544396752_5308510720', '4544396752_5309065616', '5311093248_5312676688', '4544396752_5308283072', '5311093248_5312350304', '4544396752_5309794784', '4544396752_5310609024', '4544396752_5310197024']"
/Users/nngu0448/Documents/data/REDCap-VisReflect/Version_1/round_1/sample_493_3/annotations/t2v_notebook_true/annotation_0000_log,4.0,"['4368615616_5495370624', '4368615616_5494811408', '4368615616_5494545424', '4368615616_5494541440']"
/Users/nngu0448/Documents/data/REDCap-VisReflect/Version_1/round_1/sample_494_1/annotations/t2v_notebook_true/annotation_0000_log,1.0,['5543435328_5543776608']
/Users/nngu0448/Documents/data/REDCap-VisReflect/Version_1/round_1/sample_495_1/annotations/t2v_notebook_true/annotation_0000_log,1.0,['5676290544_5675980064']
/Users/nngu0448/Documents/data/REDCap-VisReflect/Version_1/round_1/sample_497_1/annotations/t2v_notebook_true/annotation_0000_log,2.0,"['5356637456_6049959904', '5356637456_6050225312']"
/Users/nngu0448/Documents/data/REDCap-VisReflect/Version_1/round_1/sample_497_2/annotations/t2v_notebook_true/annotation_0000_log,1.0,['5575915664_5579851824']
/Users/nngu0448/Documents/data/REDCap-VisReflect/Version_1/round_1/sample_497_3/annotations/t2v_notebook_true/annotation_0000_log,1.0,['4447330832_4890234320']
/Users/nngu0448/Documents/data/REDCap-VisReflect/Version_1/round_1/sample_497_4/annotations/t2v_notebook_true/annotation_0000_log,4.0,"['4557429248_5286475440', '4557429248_5285633712', '4557429248_5286304544', '4557429248_5285629152']"
/Users/nngu0448/Documents/data/REDCap-VisReflect/Version_1/round_1/sample_500_1/annotations/t2v_notebook_true/annotation_0000_log,1.0,['4963911968_5545625408']
/Users/nngu0448/Documents/data/REDCap-VisReflect/Version_1/round_1/sample_502_1/annotations/t2v_notebook_true/annotation_0000_log,1.0,['5259457600_5448403424']
/Users/nngu0448/Documents/data/REDCap-VisReflect/Version_1/round_1/sample_503_1/annotations/t2v_notebook_true/annotation_0000_log,6.0,"['4881873520_5534512096', '5533853184_5546779536', '5534935152_5546887456', '5533708416_5535213296', '5535252064_5534930688', '4615269712_5533847424']"
/Users/nngu0448/Documents/data/REDCap-VisReflect/Version_1/round_1/sample_504_1/annotations/t2v_notebook_true/annotation_0000_log,1.0,['5231584336_5412792192']
/Users/nngu0448/Documents/data/REDCap-VisReflect/Version_1/round_1/sample_504_1/annotations/t2v_notebook_true/annotation_0001_log,1.0,['4848398032_6064616464']
/Users/nngu0448/Documents/data/REDCap-VisReflect/Version_1/round_1/sample_508_1/annotations/t2v_notebook_true/annotation_0000_log,15.0,"['6064602288_6067308688', '6061262416_6062420192', '6069741776_6068102800', '6064221520_6064590000', '6065273648_6068883376', '6064602288_6068238480', '6069741776_6070577504', '6069741776_6070577696', '6064221520_6065436384', '6064221520_6064791936', '6065273648_6069845216', '6061262416_6061960960', '6061262416_6062196208', '6065273648_6070046256', '6064602288_6068028912']"
/Users/nngu0448/Documents/data/REDCap-VisReflect/Version_1/round_1/sample_508_2/annotations/t2v_notebook_true/annotation_0000_log,5.0,"['4878695216_4879257040', '4879461856_4880164064', '4879022272_4879268464', '4879340304_4881045872', '4362243584_4854284064']"
/Users/nngu0448/Documents/data/REDCap-VisReflect/Version_1/round_1/sample_510_1/annotations/t2v_notebook_true/annotation_0000_log,0.0,[]
/Users/nngu0448/Documents/data/REDCap-VisReflect/Version_1/round_1/sample_510_2/annotations/t2v_notebook_true/annotation_0000_log,0.0,[]
/Users/nngu0448/Documents/data/REDCap-VisReflect/Version_1/round_1/sample_510_3/annotations/t2v_notebook_true/annotation_0000_log,0.0,[]
/Users/nngu0448/Documents/data/REDCap-VisReflect/Version_1/round_1/sample_511_1/annotations/t2v_notebook_true/annotation_0000_log,4.0,"['4434879424_5614820128', '4434879424_5615061856', '4434879424_5615236160', '4434879424_5614815856']"
/Users/nngu0448/Documents/data/REDCap-VisReflect/Version_1/round_1/sample_512_1/annotations/t2v_notebook_true/annotation_0000_log,2.0,"['4429286576_5321838656', '4429286576_5321838608']"
/Users/nngu0448/Documents/data/REDCap-VisReflect/Version_1/round_1/sample_512_2/annotations/t2v_notebook_true/annotation_0000_log,24.0,"['6326438272_6324450704', '6326438272_6341065664', '6326438272_6341846432', '6326438272_6338788144', '6326438272_6339328288', '6326438272_6340270016', '6326438272_6340850800', '6326438272_6342007056', '6326438272_6337688688', '6326438272_6328164400', '6326438272_6341259536', '6326438272_6337691376', '6326438272_6339688592', '6326438272_6340502944', '6326438272_6339539648', '6326438272_6338564976', '6326438272_6338775376', '6326438272_6341843408', '6326438272_6340277696', '6326438272_6325029488', '6326438272_6342399456', '6326438272_6340103680', '6326438272_6338165216', '6326438272_6341442112']"
/Users/nngu0448/Documents/data/REDCap-VisReflect/Version_1/round_1/sample_512_3/annotations/t2v_notebook_true/annotation_0000_log,10.0,"['5490384080_5731238112', '5490384080_5732572944', '5490384080_5732028288', '5490384080_5732953568', '5490384080_5491161952', '5490384080_5501770816', '5490384080_5731240800', '5490384080_5732216960', '5490384080_5731329392', '5490384080_5732426592']"
/Users/nngu0448/Documents/data/REDCap-VisReflect/Version_1/round_1/sample_513_1/annotations/t2v_notebook_true/annotation_0000_log,1.0,['4904264592_4901528992']
/Users/nngu0448/Documents/data/REDCap-VisReflect/Version_1/round_1/sample_514_1/annotations/t2v_notebook_true/annotation_0000_log,2.0,"['4934871200_4935525888', '4934493120_4934704000']"
/Users/nngu0448/Documents/data/REDCap-VisReflect/Version_1/round_1/sample_520_1/annotations/t2v_notebook_true/annotation_0000_log,1.0,['5451430464_5452107552']
/Users/nngu0448/Documents/data/REDCap-VisReflect/Version_1/round_1/sample_524_1/annotations/t2v_notebook_true/annotation_0000_log,2.0,"['4774780064_5071711136', '4774780064_5071706768']"
/Users/nngu0448/Documents/data/REDCap-VisReflect/Version_1/round_1/sample_524_2/annotations/t2v_notebook_true/annotation_0000_log,4.0,"['4998308560_6012872864', '4998308560_6009014560', '4998308560_6012657472', '4998308560_6013042128']"
/Users/nngu0448/Documents/data/REDCap-VisReflect/Version_1/round_1/sample_524_3/annotations/t2v_notebook_true/annotation_0000_log,3.0,"['4431332176_5273324144', '4431332176_5273533424', '4431332176_5273328656']"
/Users/nngu0448/Documents/data/REDCap-VisReflect/Version_1/round_1/sample_524_4/annotations/t2v_notebook_true/annotation_0000_log,3.0,"['4390486768_5579639504', '4390486768_5579646992', '4390486768_5579643920']"
/Users/nngu0448/Documents/data/REDCap-VisReflect/Version_1/round_1/sample_526_1/annotations/t2v_notebook_true/annotation_0000_log,1.0,['4801349008_5612245056']
/Users/nngu0448/Documents/data/REDCap-VisReflect/Version_1/round_1/sample_530_1/annotations/t2v_notebook_true/annotation_0000_log,4.0,"['4988889680_4989878832', '4988889680_4989057024', '4988889680_4989650416', '4988889680_4989057120']"
/Users/nngu0448/Documents/data/REDCap-VisReflect/Version_1/round_1/sample_530_2/annotations/t2v_notebook_true/annotation_0000_log,4.0,"['5538334240_5540385744', '5538334240_5540389632', '5538334240_5540772656', '5538334240_5540606128']"
/Users/nngu0448/Documents/data/REDCap-VisReflect/Version_1/round_1/sample_530_3/annotations/t2v_notebook_true/annotation_0000_log,20.0,"['4959157328_4959254240', '4959157328_4959587552', '4959157328_4960215280', '4959157328_4960219024', '4959157328_4961108672', '4959157328_4961531856', '4959157328_4959591200', '4959157328_4963367248', '4959157328_4961519328', '4959157328_4959982736', '4959157328_4959416736', '4959157328_4962725152', '4959157328_4962297968', '4959157328_4962293072', '4959157328_4959253616', '4959157328_4962295808', '4959157328_4960924736', '4959157328_4962111984', '4959157328_4961272656', '4959157328_4961275008']"
/Users/nngu0448/Documents/data/REDCap-VisReflect/Version_1/round_1/sample_532_1/annotations/t2v_notebook_true/annotation_0000_log,4.0,"['4954594128_4954771424', '4954594128_4954975760', '4954594128_4954775840', '4954594128_4955551888']"
/Users/nngu0448/Documents/data/REDCap-VisReflect/Version_1/round_1/sample_533_1/annotations/t2v_notebook_true/annotation_0000_log,3.0,"['4660819392_5456929344', '4660819392_5456924928', '4660819392_5457124368']"
/Users/nngu0448/Documents/data/REDCap-VisReflect/Version_1/round_1/sample_535_1/annotations/t2v_notebook_true/annotation_0000_log,1.0,['5848111040_5116232864']
/Users/nngu0448/Documents/data/REDCap-VisReflect/Version_1/round_1/sample_538_1/annotations/t2v_notebook_true/annotation_0000_log,1.0,['4515437776_5092805184']
/Users/nngu0448/Documents/data/REDCap-VisReflect/Version_1/round_1/sample_538_2/annotations/t2v_notebook_true/annotation_0000_log,1.0,['5983458016_5983701856']
/Users/nngu0448/Documents/data/REDCap-VisReflect/Version_1/round_1/sample_538_3/annotations/t2v_notebook_true/annotation_0000_log,1.0,['4365029200_4919664496']
/Users/nngu0448/Documents/data/REDCap-VisReflect/Version_1/round_1/sample_539_1/annotations/t2v_notebook_true/annotation_0000_log,1.0,['5180782784_5180945424']
/Users/nngu0448/Documents/data/REDCap-VisReflect/Version_1/round_1/sample_545_1/annotations/t2v_notebook_true/annotation_0000_log,1.0,['4358513696_5078208384']
/Users/nngu0448/Documents/data/REDCap-VisReflect/Version_1/round_1/sample_546_1/annotations/t2v_notebook_true/annotation_0000_log,1.0,['5602220112_5606429936']
/Users/nngu0448/Documents/data/REDCap-VisReflect/Version_1/round_1/sample_547_1/annotations/t2v_notebook_true/annotation_0000_log,1.0,['4734311824_5308466384']
/Users/nngu0448/Documents/data/REDCap-VisReflect/Version_1/round_1/sample_548_1/annotations/t2v_notebook_true/annotation_0000_log,2.0,"['4396551776_4959851616', '4396551776_4959855120']"
/Users/nngu0448/Documents/data/REDCap-VisReflect/Version_1/round_1/sample_548_1/annotations/t2v_notebook_true/annotation_0001_log,2.0,"['5204249776_5204251840', '5204249776_5204252176']"
/Users/nngu0448/Documents/data/REDCap-VisReflect/Version_1/round_1/sample_550_1/annotations/t2v_notebook_true/annotation_0000_log,2.0,"['4631433616_5004481200', '5082488448_5083206656']"
/Users/nngu0448/Documents/data/REDCap-VisReflect/Version_1/round_1/sample_551_1/annotations/t2v_notebook_true/annotation_0000_log,2.0,"['5074471296_5082320144', '5074471296_5082323264']"
/Users/nngu0448/Documents/data/REDCap-VisReflect/Version_1/round_1/sample_552_1/annotations/t2v_notebook_true/annotation_0000_log,6.0,"['4428547760_5455885088', '4428547760_5453991712', '4428547760_5455754208', '4428547760_5456920208', '4428547760_5453991760', '4428547760_5456244480']"
/Users/nngu0448/Documents/data/REDCap-VisReflect/Version_1/round_1/sample_554_1/annotations/t2v_notebook_true/annotation_0000_log,1.0,['4365107472_5235267376']
/Users/nngu0448/Documents/data/REDCap-VisReflect/Version_1/round_1/sample_555_1/annotations/t2v_notebook_true/annotation_0000_log,2.0,"['4352853392_4829891136', '4352853392_4829904432']"
/Users/nngu0448/Documents/data/REDCap-VisReflect/Version_1/round_1/sample_558_1/annotations/t2v_notebook_true/annotation_0000_log,4.0,"['4936892144_4937392848', '4936892144_4937196960', '4936892144_4937200560', '4936892144_4938939616']"
/Users/nngu0448/Documents/data/REDCap-VisReflect/Version_1/round_1/sample_565_1/annotations/t2v_notebook_true/annotation_0000_log,0.0,[]
/Users/nngu0448/Documents/data/REDCap-VisReflect/Version_1/round_1/sample_567_1/annotations/t2v_notebook_true/annotation_0000_log,1.0,['5364832960_5367783328']
/Users/nngu0448/Documents/data/REDCap-VisReflect/Version_1/round_1/sample_568_1/annotations/t2v_notebook_true/annotation_0000_log,1.0,['5094339888_5324064576']
/Users/nngu0448/Documents/data/REDCap-VisReflect/Version_1/round_1/sample_568_1/annotations/t2v_notebook_true/annotation_0001_log,1.0,['4910996064_4923963728']
/Users/nngu0448/Documents/data/REDCap-VisReflect/Version_1/round_1/sample_568_1/annotations/t2v_notebook_true/annotation_0002_log,1.0,['4392141024_5599203584']
/Users/nngu0448/Documents/data/REDCap-VisReflect/Version_1/round_1/sample_568_1/annotations/t2v_notebook_true/annotation_0003_log,1.0,['5877726576_5877509552']
/Users/nngu0448/Documents/data/REDCap-VisReflect/Version_1/round_1/sample_570_1/annotations/t2v_notebook_true/annotation_0000_log,6.0,"['5091728496_5097422048', '5091728496_5097604496', '5091728496_5095712016', '5091728496_5091540960', '5091728496_5097410144', '5091728496_5095496048']"
/Users/nngu0448/Documents/data/REDCap-VisReflect/Version_1/round_1/sample_571_1/annotations/t2v_notebook_true/annotation_0000_log,1.0,['4886739328_4927216800']
/Users/nngu0448/Documents/data/REDCap-VisReflect/Version_1/round_1/sample_571_2/annotations/t2v_notebook_true/annotation_0000_log,1.0,['4965704016_5100390688']
/Users/nngu0448/Documents/data/REDCap-VisReflect/Version_1/round_1/sample_574_1/annotations/t2v_notebook_true/annotation_0000_log,6.0,"['4520601664_5029780880', '4520601664_5028584368', '4520601664_5029506576', '4520601664_5028982096', '4520601664_5028728416', '4520601664_5029507440']"
/Users/nngu0448/Documents/data/REDCap-VisReflect/Version_1/round_1/sample_577_1/annotations/t2v_notebook_true/annotation_0000_log,1.0,['5950926160_5996790704']
/Users/nngu0448/Documents/data/REDCap-VisReflect/Version_1/round_1/sample_577_2/annotations/t2v_notebook_true/annotation_0000_log,1.0,['4902348672_4901726416']
/Users/nngu0448/Documents/data/REDCap-VisReflect/Version_1/round_1/sample_580_1/annotations/t2v_notebook_true/annotation_0000_log,1.0,['5378741968_5378886736']
/Users/nngu0448/Documents/data/REDCap-VisReflect/Version_1/round_1/sample_581_1/annotations/t2v_notebook_true/annotation_0000_log,2.0,"['4422009584_5121038656', '4422009584_5121034336']"
/Users/nngu0448/Documents/data/REDCap-VisReflect/Version_1/round_1/sample_582_1/annotations/t2v_notebook_true/annotation_0000_log,1.0,['5443719280_5467935936']
/Users/nngu0448/Documents/data/REDCap-VisReflect/Version_1/round_1/sample_582_2/annotations/t2v_notebook_true/annotation_0000_log,4.0,"['5405167920_5405280064', '5414134240_5444484944', '5405279920_5407580304', '5415649888_5444482880']"
/Users/nngu0448/Documents/data/REDCap-VisReflect/Version_1/round_1/sample_583_1/annotations/t2v_notebook_true/annotation_0000_log,0.0,[]
/Users/nngu0448/Documents/data/REDCap-VisReflect/Version_1/round_1/sample_584_1/annotations/t2v_notebook_true/annotation_0000_log,0.0,[]
/Users/nngu0448/Documents/data/REDCap-VisReflect/Version_1/round_1/sample_586_1/annotations/t2v_notebook_true/annotation_0000_log,6.0,"['4369137984_5540508688', '4369137984_5540690976', '4369137984_5539845792', '4369137984_5541236560', '4369137984_5041252416', '4369137984_5540886624']"
/Users/nngu0448/Documents/data/REDCap-VisReflect/Version_1/round_1/sample_587_1/annotations/t2v_notebook_true/annotation_0000_log,1.0,['5423235680_5425073664']
/Users/nngu0448/Documents/data/REDCap-VisReflect/Version_1/round_1/sample_590_1/annotations/t2v_notebook_true/annotation_0000_log,1.0,['5113411536_5403989232']
/Users/nngu0448/Documents/data/REDCap-VisReflect/Version_1/round_1/sample_590_2/annotations/t2v_notebook_true/annotation_0000_log,1.0,['5611680016_5611206656']
/Users/nngu0448/Documents/data/REDCap-VisReflect/Version_1/round_1/sample_591_1/annotations/t2v_notebook_true/annotation_0000_log,2.0,"['4986545040_4987052176', '4986545040_4987047808']"
/Users/nngu0448/Documents/data/REDCap-VisReflect/Version_1/round_1/sample_605_1/annotations/t2v_notebook_true/annotation_0000_log,6.0,"['4360219984_4896350544', '4360219984_4896722528', '4360219984_4895789888', '4360219984_4896011904', '4360219984_4895794448', '4360219984_4896175744']"
/Users/nngu0448/Documents/data/REDCap-VisReflect/Version_1/round_1/sample_605_2/annotations/t2v_notebook_true/annotation_0000_log,32.0,"['4547373168_5580406224', '4547373168_5585109120', '4547373168_5583975776', '4547373168_5579493488', '4547373168_5581928544', '4547373168_5583577040', '4547373168_5578779936', '4547373168_5578774992', '4547373168_5580217408', '4547373168_5581728432', '4547373168_5584387584', '4547373168_5579810112', '4547373168_5582305472', '4547373168_5579317248', '4547373168_5578269056', '4547373168_5584933072', '4547373168_5580785184', '4547373168_5582123664', '4547373168_5581729584', '4547373168_5581559264', '4547373168_5579976160', '4547373168_5584750592', '4547373168_5578264640', '4547373168_5578270448', '4547373168_5582903040', '4547373168_5579668656', '4547373168_5583292272', '4547373168_5581316912', '4547373168_5582899152', '4547373168_5579142784', '4547373168_5583792096', '4547373168_5580224608']"
/Users/nngu0448/Documents/data/REDCap-VisReflect/Version_1/round_1/sample_606_1/annotations/t2v_notebook_true/annotation_0000_log,1.0,['4577617552_5189093952']
/Users/nngu0448/Documents/data/REDCap-VisReflect/Version_1/round_1/sample_611_1/annotations/t2v_notebook_true/annotation_0000_log,1.0,['5280193648_5294982736']
/Users/nngu0448/Documents/data/REDCap-VisReflect/Version_1/round_1/sample_612_1/annotations/t2v_notebook_true/annotation_0000_log,1.0,['5262534192_5263469328']
/Users/nngu0448/Documents/data/REDCap-VisReflect/Version_1/round_1/sample_612_2/annotations/t2v_notebook_true/annotation_0000_log,1.0,['4363224560_4909091152']
/Users/nngu0448/Documents/data/REDCap-VisReflect/Version_1/round_1/sample_614_1/annotations/t2v_notebook_true/annotation_0000_log,1.0,['5691614576_5691611168']
/Users/nngu0448/Documents/data/REDCap-VisReflect/Version_1/round_1/sample_616_1/annotations/t2v_notebook_true/annotation_0000_log,1.0,['4494399616_4876765472']
/Users/nngu0448/Documents/data/REDCap-VisReflect/Version_1/round_1/sample_618_1/annotations/t2v_notebook_true/annotation_0000_log,4.0,"['4935102544_4936007456', '4935102544_4935102880', '4935102544_4935562832', '4935102544_4935562208']"
/Users/nngu0448/Documents/data/REDCap-VisReflect/Version_1/round_1/sample_621_1/annotations/t2v_notebook_true/annotation_0000_log,1.0,['5324821840_5094446752']
/Users/nngu0448/Documents/data/REDCap-VisReflect/Version_1/round_1/sample_622_1/annotations/t2v_notebook_true/annotation_0000_log,4.0,"['6073834272_6278475232', '6073834272_6278243504', '6073834272_6279048912', '6073834272_6278239040']"
/Users/nngu0448/Documents/data/REDCap-VisReflect/Version_1/round_1/sample_622_2/annotations/t2v_notebook_true/annotation_0000_log,2.0,"['4934162224_4934329040', '4934162224_4934323328']"
/Users/nngu0448/Documents/data/REDCap-VisReflect/Version_1/round_1/sample_624_1/annotations/t2v_notebook_true/annotation_0000_log,3.0,"['4443690704_6284138528', '4443690704_6284144384', '4443690704_6282169760']"
/Users/nngu0448/Documents/data/REDCap-VisReflect/Version_1/round_1/sample_625_2/annotations/t2v_notebook_true/annotation_0000_log,8.0,"['5141822160_5206704208', '5141822160_5207494096', '5141822160_5204632752', '5141822160_5204628096', '5141822160_5100537568', '5141822160_5206512160', '5141822160_5206916992', '5141822160_5206520656']"
/Users/nngu0448/Documents/data/REDCap-VisReflect/Version_1/round_1/sample_626_1/annotations/t2v_notebook_true/annotation_0000_log,1.0,['4962195488_4964406992']
/Users/nngu0448/Documents/data/REDCap-VisReflect/Version_1/round_1/sample_626_2/annotations/t2v_notebook_true/annotation_0000_log,1.0,['5507602464_5947970464']
/Users/nngu0448/Documents/data/REDCap-VisReflect/Version_1/round_1/sample_627_1/annotations/t2v_notebook_true/annotation_0000_log,9.0,"['4604630208_5154490848', '4604630208_5155659632', '4604630208_5154930176', '4604630208_5154498240', '4604630208_5156224368', '4604630208_5141519088', '4604630208_5155658624', '4604630208_5141517936', '4604630208_5141520048']"
/Users/nngu0448/Documents/data/REDCap-VisReflect/Version_1/round_1/sample_629_1/annotations/t2v_notebook_true/annotation_0000_log,1.0,['4655485088_5788852320']
/Users/nngu0448/Documents/data/REDCap-VisReflect/Version_1/round_1/sample_631_1/annotations/t2v_notebook_true/annotation_0000_log,2.0,"['5669077888_5669322192', '5669077888_5669923600']"
/Users/nngu0448/Documents/data/REDCap-VisReflect/Version_1/round_1/sample_635_1/annotations/t2v_notebook_true/annotation_0000_log,6.0,"['4927430272_4928011152', '4927430272_4927575184', '4927430272_4928983296', '4927430272_4927583488', '4927430272_4927844672', '4927430272_4928222608']"
/Users/nngu0448/Documents/data/REDCap-VisReflect/Version_1/round_1/sample_636_1/annotations/t2v_notebook_true/annotation_0000_log,2.0,"['4491462128_5444426192', '4491462128_5444891184']"
/Users/nngu0448/Documents/data/REDCap-VisReflect/Version_1/round_2/a_sample_0001_1/annotations/t2v_notebook_true/annotation_0000_log,1.0,['4423304688_4960903216']
/Users/nngu0448/Documents/data/REDCap-VisReflect/Version_1/round_2/a_sample_0005_1/annotations/t2v_notebook_true/annotation_0000_log,2.0,"['5454047536_5457212624', '5447836560_5448156368']"
/Users/nngu0448/Documents/data/REDCap-VisReflect/Version_1/round_2/sample_0001_1/annotations/t2v_notebook_true/annotation_0000_log,4.0,"['4369237584_5544850496', '4369237584_5545066080', '4369237584_5544699488', '4369237584_5544695360']"
/Users/nngu0448/Documents/data/REDCap-VisReflect/Version_1/round_2/sample_0005_2/annotations/t2v_notebook_true/annotation_0000_log,24.0,"['5865120992_5868896912', '5865120992_5869452704', '5865120992_5871020912', '5865120992_5870809552', '5865120992_5869630672', '5865120992_5867963408', '5865120992_5867146656', '5865120992_5867153904', '5865120992_5870508448', '5865120992_5881091744', '5865120992_5880719856', '5865120992_5867416096', '5865120992_5869272096', '5865120992_5869086784', '5865120992_5868742432', '5865120992_5869270416', '5865120992_5880897920', '5865120992_5871218960', '5865120992_5871605840', '5865120992_5870230256', '5865120992_5867781824', '5865120992_5868571632', '5865120992_5867150064', '5865120992_5867582528']"
/Users/nngu0448/Documents/data/REDCap-VisReflect/Version_1/round_2/sample_0005_3/annotations/t2v_notebook_true/annotation_0000_log,2.0,"['6041891664_6045954368', '6041891664_6044631312']"
/Users/nngu0448/Documents/data/REDCap-VisReflect/Version_1/round_2/sample_0018_1/annotations/t2v_notebook_true/annotation_0000_log,4.0,"['4435714816_4981636080', '4435714816_4981497424', '4435714816_4980904576', '4435714816_4980909088']"
/Users/nngu0448/Documents/data/REDCap-VisReflect/Version_1/round_2/sample_0034_1/annotations/t2v_notebook_true/annotation_0000_log,8.0,"['4486884352_5573026848', '4486884352_5576322000', '4486884352_5575988848', '4486884352_5575985104', '4486884352_5575425680', '4486884352_5575827888', '4486884352_5536913920', '4486884352_5573243728']"
/Users/nngu0448/Documents/data/REDCap-VisReflect/Version_1/round_2/sample_0038_1/annotations/t2v_notebook_true/annotation_0000_log,1.0,['4938532960_4947511920']
/Users/nngu0448/Documents/data/REDCap-VisReflect/Version_1/round_2/sample_0039_1/annotations/t2v_notebook_true/annotation_0000_log,1.0,['5953244480_5957235824']
/Users/nngu0448/Documents/data/REDCap-VisReflect/Version_1/round_2/sample_0048_1/annotations/t2v_notebook_true/annotation_0000_log,0.0,[]
/Users/nngu0448/Documents/data/REDCap-VisReflect/Version_1/round_2/sample_0051_1/annotations/t2v_notebook_true/annotation_0000_log,0.0,[]
/Users/nngu0448/Documents/data/REDCap-VisReflect/Version_1/round_2/sample_0060_1/annotations/t2v_notebook_true/annotation_0000_log,3.0,"['4912793504_4912804448', '4895692544_4911325184', '4911331232_4911999808']"
/Users/nngu0448/Documents/data/REDCap-VisReflect/Version_1/round_2/sample_0062_1/annotations/t2v_notebook_true/annotation_0000_log,4.0,"['4817841632_5072115744', '4817841632_5072319792', '4817841632_5072115792', '4817841632_5072312976']"
/Users/nngu0448/Documents/data/REDCap-VisReflect/Version_1/round_2/sample_0069_1/annotations/t2v_notebook_true/annotation_0000_log,0.0,[]
/Users/nngu0448/Documents/data/REDCap-VisReflect/Version_1/round_2/sample_0075_1/annotations/t2v_notebook_true/annotation_0000_log,4.0,"['4354182416_5249177056', '4354182416_5249173840', '4354182416_5249378512', '4354182416_5249369728']"
/Users/nngu0448/Documents/data/REDCap-VisReflect/Version_1/round_2/sample_0079_1/annotations/t2v_notebook_true/annotation_0000_log,1.0,['4507229104_4911238320']
/Users/nngu0448/Documents/data/REDCap-VisReflect/Version_1/round_2/sample_0081_1/annotations/t2v_notebook_true/annotation_0000_log,1.0,['5070375248_5902916624']
/Users/nngu0448/Documents/data/REDCap-VisReflect/Version_1/round_2/sample_0084_1/annotations/t2v_notebook_true/annotation_0000_log,2.0,"['4498183408_4963315840', '4498183408_4957608400']"
/Users/nngu0448/Documents/data/REDCap-VisReflect/Version_1/round_2/sample_0090_1/annotations/t2v_notebook_true/annotation_0000_log,1.0,['4368753456_5208509328']
/Users/nngu0448/Documents/data/REDCap-VisReflect/Version_1/round_2/sample_0092_1/annotations/t2v_notebook_true/annotation_0000_log,1.0,['4367596720_5549803856']
/Users/nngu0448/Documents/data/REDCap-VisReflect/Version_1/round_2/sample_0097_1/annotations/t2v_notebook_true/annotation_0000_log,1.0,['4796012432_5089496576']
/Users/nngu0448/Documents/data/REDCap-VisReflect/Version_1/round_2/sample_0106_1/annotations/t2v_notebook_true/annotation_0000_log,2.0,"['4930053680_4930231792', '4920016816_4941154736']"
/Users/nngu0448/Documents/data/REDCap-VisReflect/Version_1/round_2/sample_0108_1/annotations/t2v_notebook_true/annotation_0000_log,1.0,['4430205184_4954623056']
/Users/nngu0448/Documents/data/REDCap-VisReflect/Version_1/round_2/sample_0112_1/annotations/t2v_notebook_true/annotation_0000_log,2.0,"['4365393632_4901997360', '4365393632_4901259264']"
/Users/nngu0448/Documents/data/REDCap-VisReflect/Version_1/round_2/sample_0113_1/annotations/t2v_notebook_true/annotation_0000_log,1.0,['4353054320_4909467840']
/Users/nngu0448/Documents/data/REDCap-VisReflect/Version_1/round_2/sample_0119_1/annotations/t2v_notebook_true/annotation_0000_log,3.0,"['5338410848_5342635472', '5338410848_5340502624', '5338410848_5340498544']"
/Users/nngu0448/Documents/data/REDCap-VisReflect/Version_1/round_2/sample_0126_1/annotations/t2v_notebook_true/annotation_0000_log,11.0,"['5466179248_5466746144', '5475156912_5476204464', '5463851472_5465948080', '5461376224_5461719712', '5461366672_5463391888', '5465312432_5472906528', '5471680512_5473307152', '5475556752_5465513552', '5476738464_5477315936', '5471617968_5468897744', '5474947856_5473086464']"
/Users/nngu0448/Documents/data/REDCap-VisReflect/Version_1/round_2/sample_0128_1/annotations/t2v_notebook_true/annotation_0000_log,1.0,['4666269840_4962794912']
/Users/nngu0448/Documents/data/REDCap-VisReflect/Version_1/round_2/sample_0129_1/annotations/t2v_notebook_true/annotation_0000_log,1.0,['5482039776_5481835040']
/Users/nngu0448/Documents/data/REDCap-VisReflect/Version_1/round_2/sample_0131_1/annotations/t2v_notebook_true/annotation_0000_log,1.0,['4669621792_5945618368']
/Users/nngu0448/Documents/data/REDCap-VisReflect/Version_1/round_2/sample_0135_1/annotations/t2v_notebook_true/annotation_0000_log,1.0,['5124634336_5131996336']
/Users/nngu0448/Documents/data/REDCap-VisReflect/Version_1/round_2/sample_0135_1/annotations/t2v_notebook_true/annotation_0001_log,6.0,"['5791018992_5836656320', '5791018992_5792930640', '5791018992_5824230368', '5791018992_5824220240', '5791018992_5817680432', '5791018992_5824324448']"
/Users/nngu0448/Documents/data/REDCap-VisReflect/Version_1/round_2/sample_0142_1/annotations/t2v_notebook_true/annotation_0000_log,1.0,['4448266784_5134396992']
/Users/nngu0448/Documents/data/REDCap-VisReflect/Version_1/round_2/sample_0142_2/annotations/t2v_notebook_true/annotation_0000_log,1.0,['4398009808_4952427216']
/Users/nngu0448/Documents/data/REDCap-VisReflect/Version_1/round_2/sample_0149_1/annotations/t2v_notebook_true/annotation_0000_log,1.0,['4435513360_5011868992']
/Users/nngu0448/Documents/data/REDCap-VisReflect/Version_1/round_2/sample_0153_1/annotations/t2v_notebook_true/annotation_0000_log,3.0,"['4360623920_4925694576', '4360623920_4925506384', '4360623920_4925506336']"
/Users/nngu0448/Documents/data/REDCap-VisReflect/Version_1/round_2/sample_0153_2/annotations/t2v_notebook_true/annotation_0000_log,20.0,"['4429614688_5498648624', '4429614688_5476137488', '4429614688_5486472432', '4429614688_5500092336', '4429614688_5498502800', '4429614688_5475908352', '4429614688_5487201408', '4429614688_5476671296', '4429614688_5499632384', '4429614688_5497792000', '4429614688_5497362416', '4429614688_5487827168', '4429614688_5502580928', '4429614688_5498945312', '4429614688_5476324928', '4429614688_5486290240', '4429614688_5502171856', '4429614688_5486688160', '4429614688_5486841680', '4429614688_5475904128']"
/Users/nngu0448/Documents/data/REDCap-VisReflect/Version_1/round_2/sample_0153_3/annotations/t2v_notebook_true/annotation_0000_log,4.0,"['4398455920_5579312112', '4398455920_5579312016', '4398455920_5580487760', '4398455920_5579316528']"
/Users/nngu0448/Documents/data/REDCap-VisReflect/Version_1/round_2/sample_0153_4/annotations/t2v_notebook_true/annotation_0000_log,4.0,"['5414088736_5414606304', '5414088736_5414826976', '5414088736_5414989040', '5414088736_5414605200']"
/Users/nngu0448/Documents/data/REDCap-VisReflect/Version_1/round_2/sample_0154_1/annotations/t2v_notebook_true/annotation_0000_log,1.0,['4515955968_5547182368']
/Users/nngu0448/Documents/data/REDCap-VisReflect/Version_1/round_2/sample_0154_1/annotations/t2v_notebook_true/annotation_0001_log,1.0,['5022450800_5091395296']
/Users/nngu0448/Documents/data/REDCap-VisReflect/Version_1/round_2/sample_0159_1/annotations/t2v_notebook_true/annotation_0000_log,10.0,"['4898421936_4933433632', '4898421936_4898416176', '4898421936_4933875568', '4898421936_4898818096', '4898421936_4933644848', '4898421936_4933072128', '4898421936_4934040608', '4898421936_4932899456', '4898421936_4898817424', '4898421936_4932901664']"
/Users/nngu0448/Documents/data/REDCap-VisReflect/Version_1/round_2/sample_0160_1/annotations/t2v_notebook_true/annotation_0000_log,1.0,['4965634928_4965763408']
/Users/nngu0448/Documents/data/REDCap-VisReflect/Version_1/round_2/sample_0162_1/annotations/t2v_notebook_true/annotation_0000_log,6.0,"['5043684992_5043233536', '4421451168_5043686048', '5043683600_5044274768', '5030102944_5032468816', '5043405552_5045498896', '5045113856_5044285808']"
/Users/nngu0448/Documents/data/REDCap-VisReflect/Version_1/round_2/sample_0162_2/annotations/t2v_notebook_true/annotation_0000_log,1.0,['5375518160_5375888944']
/Users/nngu0448/Documents/data/REDCap-VisReflect/Version_1/round_2/sample_0162_3/annotations/t2v_notebook_true/annotation_0000_log,2.0,"['4971661264_4973207792', '4971661264_4973203424']"
/Users/nngu0448/Documents/data/REDCap-VisReflect/Version_1/round_2/sample_0162_5/annotations/t2v_notebook_true/annotation_0000_log,6.0,"['5192897200_5469509616', '5192897200_5449950576', '5192897200_5470094640', '5192897200_5449535456', '5192897200_5469880544', '5192897200_5449764640']"
/Users/nngu0448/Documents/data/REDCap-VisReflect/Version_1/round_2/sample_0170_1/annotations/t2v_notebook_true/annotation_0000_log,1.0,['4597742672_4954551408']
/Users/nngu0448/Documents/data/REDCap-VisReflect/Version_1/round_2/sample_0177_2/annotations/t2v_notebook_true/annotation_0000_log,1.0,['4953222096_4953439024']
/Users/nngu0448/Documents/data/REDCap-VisReflect/Version_1/round_2/sample_0183_1/annotations/t2v_notebook_true/annotation_0000_log,1.0,['5985417168_5990789104']
/Users/nngu0448/Documents/data/REDCap-VisReflect/Version_1/round_2/sample_0186_1/annotations/t2v_notebook_true/annotation_0000_log,1.0,['4399547120_4963976784']
/Users/nngu0448/Documents/data/REDCap-VisReflect/Version_1/round_2/sample_0192_1/annotations/t2v_notebook_true/annotation_0000_log,1.0,['4579886384_5608867360']
/Users/nngu0448/Documents/data/REDCap-VisReflect/Version_1/round_2/sample_0202_1/annotations/t2v_notebook_true/annotation_0000_log,1.0,['5616429360_5616995552']
/Users/nngu0448/Documents/data/REDCap-VisReflect/Version_1/round_2/sample_0202_1/annotations/t2v_notebook_true/annotation_0001_log,1.0,['6072683696_6072683888']
/Users/nngu0448/Documents/data/REDCap-VisReflect/Version_1/round_2/sample_0202_1/annotations/t2v_notebook_true/annotation_0002_log,1.0,['5555170976_5578100752']
/Users/nngu0448/Documents/data/REDCap-VisReflect/Version_1/round_2/sample_0202_1/annotations/t2v_notebook_true/annotation_0003_log,1.0,['4872540224_4882953088']
/Users/nngu0448/Documents/data/REDCap-VisReflect/Version_1/round_2/sample_0204_1/annotations/t2v_notebook_true/annotation_0000_log,2.0,"['5554036064_5553952080', '4363160560_5544578176']"
/Users/nngu0448/Documents/data/REDCap-VisReflect/Version_1/round_2/sample_0205_1/annotations/t2v_notebook_true/annotation_0000_log,0.0,[]
/Users/nngu0448/Documents/data/REDCap-VisReflect/Version_1/round_2/sample_0213_1/annotations/t2v_notebook_true/annotation_0000_log,1.0,['4430581920_5338290832']
/Users/nngu0448/Documents/data/REDCap-VisReflect/Version_1/round_2/sample_0220_1/annotations/t2v_notebook_true/annotation_0000_log,0.0,[]
/Users/nngu0448/Documents/data/REDCap-VisReflect/Version_1/round_2/sample_0221_1/annotations/t2v_notebook_true/annotation_0000_log,2.0,"['4397294432_4944972352', '4397294432_4945228096']"
/Users/nngu0448/Documents/data/REDCap-VisReflect/Version_1/round_2/sample_0227_1/annotations/t2v_notebook_true/annotation_0000_log,2.0,"['4634685088_4681511520', '4634685088_4687877840']"
/Users/nngu0448/Documents/data/REDCap-VisReflect/Version_1/round_2/sample_0228_1/annotations/t2v_notebook_true/annotation_0000_log,4.0,"['5587374960_5633954528', '5587374960_13063257648', '5587374960_5633959856', '5587374960_5587535968']"
/Users/nngu0448/Documents/data/REDCap-VisReflect/Version_1/round_2/sample_0234_1/annotations/t2v_notebook_true/annotation_0000_log,4.0,"['4431768384_5110331776', '4431768384_5109518688', '4431768384_5110165008', '4431768384_5109523008']"
/Users/nngu0448/Documents/data/REDCap-VisReflect/Version_1/round_2/sample_0240_1/annotations/t2v_notebook_true/annotation_0000_log,1.0,['4938004432_4943262928']
/Users/nngu0448/Documents/data/REDCap-VisReflect/Version_1/round_2/sample_0246_1/annotations/t2v_notebook_true/annotation_0000_log,0.0,[]
/Users/nngu0448/Documents/data/REDCap-VisReflect/Version_1/round_2/sample_0248_1/annotations/t2v_notebook_true/annotation_0000_log,1.0,['4578201808_5096953312']
/Users/nngu0448/Documents/data/REDCap-VisReflect/Version_1/round_2/sample_0248_2/annotations/t2v_notebook_true/annotation_0000_log,1.0,['4918709712_4926951104']
/Users/nngu0448/Documents/data/REDCap-VisReflect/Version_1/round_2/sample_0249_1/annotations/t2v_notebook_true/annotation_0000_log,2.0,"['5231193472_5232645744', '5231193472_5233342224']"
/Users/nngu0448/Documents/data/REDCap-VisReflect/Version_1/round_2/sample_0250_1/annotations/t2v_notebook_true/annotation_0000_log,1.0,['4497908768_4937490096']
/Users/nngu0448/Documents/data/REDCap-VisReflect/Version_1/round_2/sample_0251_1/annotations/t2v_notebook_true/annotation_0000_log,2.0,"['5163521072_5163671600', '5163521072_5163666224']"
/Users/nngu0448/Documents/data/REDCap-VisReflect/Version_1/round_2/sample_0257_1/annotations/t2v_notebook_true/annotation_0000_log,1.0,['5136518944_5146512368']
/Users/nngu0448/Documents/data/REDCap-VisReflect/Version_1/round_2/sample_0267_1/annotations/t2v_notebook_true/annotation_0000_log,1.0,['5087207088_5577668944']
/Users/nngu0448/Documents/data/REDCap-VisReflect/Version_1/round_2/sample_0274_1/annotations/t2v_notebook_true/annotation_0000_log,1.0,['5358224832_4825986352']
/Users/nngu0448/Documents/data/REDCap-VisReflect/Version_1/round_2/sample_0276_1/annotations/t2v_notebook_true/annotation_0000_log,0.0,[]
/Users/nngu0448/Documents/data/REDCap-VisReflect/Version_1/round_2/sample_0277_1/annotations/t2v_notebook_true/annotation_0000_log,1.0,['4362270912_5366040624']
/Users/nngu0448/Documents/data/REDCap-VisReflect/Version_1/round_2/sample_0280_1/annotations/t2v_notebook_true/annotation_0000_log,1.0,['4356790976_5545875056']
/Users/nngu0448/Documents/data/REDCap-VisReflect/Version_1/round_2/sample_0282_1/annotations/t2v_notebook_true/annotation_0000_log,2.0,"['4694828496_5138744144', '4694828496_5137901776']"
/Users/nngu0448/Documents/data/REDCap-VisReflect/Version_1/round_2/sample_0288_1/annotations/t2v_notebook_true/annotation_0000_log,1.0,['4451698784_4951066816']
/Users/nngu0448/Documents/data/REDCap-VisReflect/Version_1/round_2/sample_0291_1/annotations/t2v_notebook_true/annotation_0000_log,2.0,"['4506811952_4524328000', '4506811952_5059122176']"
/Users/nngu0448/Documents/data/REDCap-VisReflect/Version_1/round_2/sample_0294_1/annotations/t2v_notebook_true/annotation_0000_log,6.0,"['4692699488_5221872992', '4692699488_5222513216', '4692699488_5221652704', '4692699488_5221655872', '4692699488_5222296912', '4692699488_5222877280']"
/Users/nngu0448/Documents/data/REDCap-VisReflect/Version_1/round_2/sample_0295_1/annotations/t2v_notebook_true/annotation_0000_log,1.0,['5342944848_5344383760']
/Users/nngu0448/Documents/data/REDCap-VisReflect/Version_1/round_2/sample_0296_1/annotations/t2v_notebook_true/annotation_0000_log,1.0,['4396587760_4960520240']
/Users/nngu0448/Documents/data/REDCap-VisReflect/Version_1/round_2/sample_0297_1/annotations/t2v_notebook_true/annotation_0000_log,6.0,"['5463134032_5461585328', '5203924160_5461896384', '5462901344_5462765840', '5211320832_5461698672', '5157413152_5461698624', '5462603104_5462513264']"
/Users/nngu0448/Documents/data/REDCap-VisReflect/Version_1/round_2/sample_0299_1/annotations/t2v_notebook_true/annotation_0000_log,2.0,"['4432125184_5478386144', '4432125184_5478386240']"
/Users/nngu0448/Documents/data/REDCap-VisReflect/Version_1/round_2/sample_0313_1/annotations/t2v_notebook_true/annotation_0000_log,1.0,['4604254480_4872968656']
/Users/nngu0448/Documents/data/REDCap-VisReflect/Version_1/round_2/sample_0314_1/annotations/t2v_notebook_true/annotation_0000_log,3.0,"['4458143216_4908235424', '4458143216_4909651088', '4458143216_4908373856']"
/Users/nngu0448/Documents/data/REDCap-VisReflect/Version_1/round_2/sample_0317_1/annotations/t2v_notebook_true/annotation_0000_log,3.0,"['4391996880_4947467952', '4391996880_4947955872', '4391996880_4948187840']"
/Users/nngu0448/Documents/data/REDCap-VisReflect/Version_1/round_2/sample_0330_1/annotations/t2v_notebook_true/annotation_0000_log,4.0,"['4728079040_5620949952', '4728079040_5620723696', '4728079040_5620952016', '4728079040_5623684640']"
/Users/nngu0448/Documents/data/REDCap-VisReflect/Version_1/round_2/sample_0333_1/annotations/t2v_notebook_true/annotation_0000_log,2.0,"['4429856400_5323065632', '4429856400_5323065584']"
/Users/nngu0448/Documents/data/REDCap-VisReflect/Version_1/round_2/sample_0336_1/annotations/t2v_notebook_true/annotation_0000_log,1.0,['4364141488_5097048640']
/Users/nngu0448/Documents/data/REDCap-VisReflect/Version_1/round_2/sample_0338_1/annotations/t2v_notebook_true/annotation_0000_log,2.0,"['5002390864_5006467072', '5002390864_5006461648']"
/Users/nngu0448/Documents/data/REDCap-VisReflect/Version_1/round_2/sample_0338_2/annotations/t2v_notebook_true/annotation_0000_log,3.0,"['5340247968_5366320496', '5340247968_5366589888', '5340247968_5366320448']"
/Users/nngu0448/Documents/data/REDCap-VisReflect/Version_1/round_2/sample_0339_1/annotations/t2v_notebook_true/annotation_0000_log,1.0,['4369357072_5237609952']
/Users/nngu0448/Documents/data/REDCap-VisReflect/Version_1/round_2/sample_0340_1/annotations/t2v_notebook_true/annotation_0000_log,3.0,"['4361143504_4923404128', '4361143504_4923408112', '4361143504_4933749504']"
/Users/nngu0448/Documents/data/REDCap-VisReflect/Version_1/round_2/sample_0349_1/annotations/t2v_notebook_true/annotation_0000_log,2.0,"['4657672128_5400152352', '4657672128_5400156912']"
/Users/nngu0448/Documents/data/REDCap-VisReflect/Version_1/round_2/sample_0349_2/annotations/t2v_notebook_true/annotation_0000_log,3.0,"['4943455120_4946880672', '4943455120_4946223296', '4943455120_4946218784']"
/Users/nngu0448/Documents/data/REDCap-VisReflect/Version_1/round_2/sample_0350_1/annotations/t2v_notebook_true/annotation_0000_log,7.0,"['4821714032_4966080656', '4821714032_4822665744', '4821714032_4822674672', '4821714032_4966442784', '4821714032_4822483264', '4821714032_4966252224', '4821714032_4822487632']"
/Users/nngu0448/Documents/data/REDCap-VisReflect/Version_1/round_2/sample_0353_1/annotations/t2v_notebook_true/annotation_0000_log,3.0,"['4961617008_4981508240', '4981393552_4992451552', '4991408928_5044700560']"
/Users/nngu0448/Documents/data/REDCap-VisReflect/Version_1/round_2/sample_0359_1/annotations/t2v_notebook_true/annotation_0000_log,1.0,['5605578064_5605722448']
/Users/nngu0448/Documents/data/REDCap-VisReflect/Version_1/round_2/sample_0365_1/annotations/t2v_notebook_true/annotation_0000_log,1.0,['4525861312_5003135744']
/Users/nngu0448/Documents/data/REDCap-VisReflect/Version_1/round_2/sample_0368_1/annotations/t2v_notebook_true/annotation_0000_log,1.0,['4423654512_4959455376']
/Users/nngu0448/Documents/data/REDCap-VisReflect/Version_1/round_2/sample_0371_1/annotations/t2v_notebook_true/annotation_0000_log,2.0,"['4366727648_6084320944', '4366727648_6084316432']"
/Users/nngu0448/Documents/data/REDCap-VisReflect/Version_1/round_2/sample_0373_1/annotations/t2v_notebook_true/annotation_0000_log,1.0,['4641995136_5109321024']
/Users/nngu0448/Documents/data/REDCap-VisReflect/Version_1/round_2/sample_0374_1/annotations/t2v_notebook_true/annotation_0000_log,8.0,"['4903449616_4904204768', '4903449616_4906966080', '4903449616_4368160080', '4903449616_4904033920', '4903449616_4906415744', '4903449616_4906643056', '4903449616_4904204096', '4903449616_4907115744']"
/Users/nngu0448/Documents/data/REDCap-VisReflect/Version_1/round_2/sample_0377_1/annotations/t2v_notebook_true/annotation_0000_log,1.0,['5126769024_5137712912']
/Users/nngu0448/Documents/data/REDCap-VisReflect/Version_1/round_2/sample_0381_1/annotations/t2v_notebook_true/annotation_0000_log,3.0,"['4357937856_4903110512', '4357937856_4903110560', '4357937856_4903331520']"
/Users/nngu0448/Documents/data/REDCap-VisReflect/Version_1/round_2/sample_0390_1/annotations/t2v_notebook_true/annotation_0000_log,1.0,['5571763360_5571924080']
/Users/nngu0448/Documents/data/REDCap-VisReflect/Version_1/round_2/sample_0390_1/annotations/t2v_notebook_true/annotation_0001_log,1.0,['5127816784_5127618192']
/Users/nngu0448/Documents/data/REDCap-VisReflect/Version_1/round_2/sample_0390_4/annotations/t2v_notebook_true/annotation_0000_log,1.0,['4938641056_4959506208']
/Users/nngu0448/Documents/data/REDCap-VisReflect/Version_1/round_2/sample_0393_1/annotations/t2v_notebook_true/annotation_0000_log,1.0,['4865134992_5604329808']
/Users/nngu0448/Documents/data/REDCap-VisReflect/Version_1/round_2/sample_0393_2/annotations/t2v_notebook_true/annotation_0000_log,1.0,['4890469264_4890461824']
/Users/nngu0448/Documents/data/REDCap-VisReflect/Version_1/round_2/sample_0394_1/annotations/t2v_notebook_true/annotation_0000_log,1.0,['4730188864_5446114944']
/Users/nngu0448/Documents/data/REDCap-VisReflect/Version_1/round_2/sample_0394_1/annotations/t2v_notebook_true/annotation_0001_log,2.0,"['5612483840_4422225552', '5612483840_5612519552']"
/Users/nngu0448/Documents/data/REDCap-VisReflect/Version_1/round_2/sample_0397_1/annotations/t2v_notebook_true/annotation_0000_log,1.0,['5178350512_5178822336']
/Users/nngu0448/Documents/data/REDCap-VisReflect/Version_1/round_2/sample_0402_1/annotations/t2v_notebook_true/annotation_0000_log,1.0,['4537111552_5106239296']
/Users/nngu0448/Documents/data/REDCap-VisReflect/Version_1/round_2/sample_0406_1/annotations/t2v_notebook_true/annotation_0000_log,1.0,['4400255328_5311433184']
/Users/nngu0448/Documents/data/REDCap-VisReflect/Version_1/round_2/sample_0408_1/annotations/t2v_notebook_true/annotation_0000_log,2.0,"['4393893712_4955554592', '4393893712_4954867808']"
/Users/nngu0448/Documents/data/REDCap-VisReflect/Version_1/round_2/sample_0408_1/annotations/t2v_notebook_true/annotation_0001_log,2.0,"['5588663664_5593110176', '5588663664_5593497232']"
/Users/nngu0448/Documents/data/REDCap-VisReflect/Version_1/round_2/sample_0408_1/annotations/t2v_notebook_true/annotation_0002_log,1.0,['6055242944_6049458336']
/Users/nngu0448/Documents/data/REDCap-VisReflect/Version_1/round_2/sample_0408_1/annotations/t2v_notebook_true/annotation_0003_log,1.0,['5490881888_5488115536']
/Users/nngu0448/Documents/data/REDCap-VisReflect/Version_1/round_2/sample_0410_1/annotations/t2v_notebook_true/annotation_0000_log,1.0,['5017997712_5018158816']
/Users/nngu0448/Documents/data/REDCap-VisReflect/Version_1/round_2/sample_0413_1/annotations/t2v_notebook_true/annotation_0000_log,1.0,['4356038224_4890941520']
/Users/nngu0448/Documents/data/REDCap-VisReflect/Version_1/round_2/sample_0415_1/annotations/t2v_notebook_true/annotation_0000_log,0.0,[]
/Users/nngu0448/Documents/data/REDCap-VisReflect/Version_1/round_2/sample_0416_1/annotations/t2v_notebook_true/annotation_0000_log,1.0,['4825501808_5258555808']
/Users/nngu0448/Documents/data/REDCap-VisReflect/Version_1/round_2/sample_0421_1/annotations/t2v_notebook_true/annotation_0000_log,1.0,['4532627328_4970343424']
/Users/nngu0448/Documents/data/REDCap-VisReflect/Version_1/round_2/sample_0421_1/annotations/t2v_notebook_true/annotation_0001_log,1.0,['5160652192_5165467360']
/Users/nngu0448/Documents/data/REDCap-VisReflect/Version_1/round_2/sample_0421_2/annotations/t2v_notebook_true/annotation_0000_log,1.0,['4401154192_4911206224']
/Users/nngu0448/Documents/data/REDCap-VisReflect/Version_1/round_2/sample_0421_2/annotations/t2v_notebook_true/annotation_0001_log,1.0,['4549290816_4950362640']
/Users/nngu0448/Documents/data/REDCap-VisReflect/Version_1/round_2/sample_0421_3/annotations/t2v_notebook_true/annotation_0000_log,1.0,['4954793904_5231003408']
/Users/nngu0448/Documents/data/REDCap-VisReflect/Version_1/round_2/sample_0421_3/annotations/t2v_notebook_true/annotation_0001_log,1.0,['4517410240_5478594080']
/Users/nngu0448/Documents/data/REDCap-VisReflect/Version_1/round_2/sample_0422_1/annotations/t2v_notebook_true/annotation_0000_log,2.0,"['4362949488_5047181552', '4362949488_5047175840']"
/Users/nngu0448/Documents/data/REDCap-VisReflect/Version_1/round_2/sample_0425_1/annotations/t2v_notebook_true/annotation_0000_log,1.0,['5535850976_5545576976']
/Users/nngu0448/Documents/data/REDCap-VisReflect/Version_1/round_2/sample_0425_2/annotations/t2v_notebook_true/annotation_0000_log,1.0,['4359897504_4914383472']
/Users/nngu0448/Documents/data/REDCap-VisReflect/Version_1/round_2/sample_0425_3/annotations/t2v_notebook_true/annotation_0000_log,2.0,"['4450932720_4892150240', '4893844704_4893844608']"
/Users/nngu0448/Documents/data/REDCap-VisReflect/Version_1/round_2/sample_0426_1/annotations/t2v_notebook_true/annotation_0000_log,1.0,['5323545616_5323545904']
/Users/nngu0448/Documents/data/REDCap-VisReflect/Version_1/round_2/sample_0429_1/annotations/t2v_notebook_true/annotation_0000_log,1.0,['4363887792_4910171728']
/Users/nngu0448/Documents/data/REDCap-VisReflect/Version_1/round_2/sample_0431_1/annotations/t2v_notebook_true/annotation_0000_log,2.0,"['4496962336_4948209456', '4496962336_4947818592']"
/Users/nngu0448/Documents/data/REDCap-VisReflect/Version_1/round_2/sample_0432_1/annotations/t2v_notebook_true/annotation_0000_log,1.0,['4965348608_5751538848']
/Users/nngu0448/Documents/data/REDCap-VisReflect/Version_1/round_2/sample_0432_2/annotations/t2v_notebook_true/annotation_0000_log,1.0,['4633606192_5097869088']
/Users/nngu0448/Documents/data/REDCap-VisReflect/Version_1/round_2/sample_0439_1/annotations/t2v_notebook_true/annotation_0000_log,1.0,['5249223040_5251076592']
/Users/nngu0448/Documents/data/REDCap-VisReflect/Version_1/round_2/sample_0440_1/annotations/t2v_notebook_true/annotation_0000_log,1.0,['4391391152_4937420384']
/Users/nngu0448/Documents/data/REDCap-VisReflect/Version_1/round_2/sample_0440_1/annotations/t2v_notebook_true/annotation_0001_log,1.0,['4548743376_4969211104']
/Users/nngu0448/Documents/data/REDCap-VisReflect/Version_1/round_2/sample_0440_1/annotations/t2v_notebook_true/annotation_0002_log,1.0,['4699288592_4981956080']
/Users/nngu0448/Documents/data/REDCap-VisReflect/Version_1/round_2/sample_0443_1/annotations/t2v_notebook_true/annotation_0000_log,1.0,['5556542336_5556544544']
/Users/nngu0448/Documents/data/REDCap-VisReflect/Version_1/round_2/sample_0444_1/annotations/t2v_notebook_true/annotation_0000_log,1.0,['4581772368_5342187824']
/Users/nngu0448/Documents/data/REDCap-VisReflect/Version_1/round_2/sample_0447_1/annotations/t2v_notebook_true/annotation_0000_log,1.0,['4763980368_5362798320']
/Users/nngu0448/Documents/data/REDCap-VisReflect/Version_1/round_2/sample_0448_1/annotations/t2v_notebook_true/annotation_0000_log,1.0,['4420198784_5146645600']
/Users/nngu0448/Documents/data/REDCap-VisReflect/Version_1/round_2/sample_0449_1/annotations/t2v_notebook_true/annotation_0000_log,1.0,['4358753600_5095753008']
/Users/nngu0448/Documents/data/REDCap-VisReflect/Version_1/round_2/sample_0453_1/annotations/t2v_notebook_true/annotation_0000_log,1.0,['5339822176_5337003024']
/Users/nngu0448/Documents/data/REDCap-VisReflect/Version_1/round_2/sample_0455_1/annotations/t2v_notebook_true/annotation_0000_log,2.0,"['4461393248_4910845920', '4461393248_4910848896']"
/Users/nngu0448/Documents/data/REDCap-VisReflect/Version_1/round_2/sample_0455_1/annotations/t2v_notebook_true/annotation_0001_log,2.0,"['5243567376_5606376416', '5243567376_5606376272']"
/Users/nngu0448/Documents/data/REDCap-VisReflect/Version_1/round_2/sample_0462_1/annotations/t2v_notebook_true/annotation_0000_log,1.0,['4502741808_5404054048']
/Users/nngu0448/Documents/data/REDCap-VisReflect/Version_1/round_2/sample_0463_1/annotations/t2v_notebook_true/annotation_0000_log,2.0,"['4497052912_5105835888', '4497052912_5105835936']"
/Users/nngu0448/Documents/data/REDCap-VisReflect/Version_1/round_2/sample_0473_1/annotations/t2v_notebook_true/annotation_0000_log,2.0,"['5109732688_5109733600', '5109732688_5109877408']"
/Users/nngu0448/Documents/data/REDCap-VisReflect/Version_1/round_2/sample_0475_1/annotations/t2v_notebook_true/annotation_0000_log,4.0,"['4520640240_5231440288', '4520640240_5231576368', '4520640240_5232003648', '4520640240_5231436304']"
/Users/nngu0448/Documents/data/REDCap-VisReflect/Version_1/round_2/sample_0478_1/annotations/t2v_notebook_true/annotation_0000_log,4.0,"['4422568800_5140911488', '4422568800_5141126928', '4422568800_5140921568', '4422568800_5141561024']"
/Users/nngu0448/Documents/data/REDCap-VisReflect/Version_1/round_2/sample_0481_1/annotations/t2v_notebook_true/annotation_0000_log,1.0,['5114890480_5116744896']
/Users/nngu0448/Documents/data/REDCap-VisReflect/Version_1/round_2/sample_0482_1/annotations/t2v_notebook_true/annotation_0000_log,1.0,['5928956608_5929117328']
/Users/nngu0448/Documents/data/REDCap-VisReflect/Version_1/round_2/sample_0482_2/annotations/t2v_notebook_true/annotation_0000_log,3.0,"['4366156192_4919921648', '4366156192_4920174752', '4366156192_4919925824']"
/Users/nngu0448/Documents/data/REDCap-VisReflect/Version_1/round_2/sample_0487_1/annotations/t2v_notebook_true/annotation_0000_log,1.0,['5173769088_5173913232']
/Users/nngu0448/Documents/data/REDCap-VisReflect/Version_1/round_2/sample_0488_1/annotations/t2v_notebook_true/annotation_0000_log,1.0,['5208898832_5209380944']
/Users/nngu0448/Documents/data/REDCap-VisReflect/Version_1/round_2/sample_0488_1/annotations/t2v_notebook_true/annotation_0001_log,1.0,['4934705104_4923521264']
/Users/nngu0448/Documents/data/REDCap-VisReflect/Version_1/round_2/sample_0489_1/annotations/t2v_notebook_true/annotation_0000_log,5.0,"['4943721392_5623427920', '4943721392_5622590848', '4943721392_5622582448', '4943721392_5623608432', '4943721392_5622586672']"
/Users/nngu0448/Documents/data/REDCap-VisReflect/Version_1/round_2/sample_0490_1/annotations/t2v_notebook_true/annotation_0000_log,1.0,['4396809248_5132048800']
/Users/nngu0448/Documents/data/REDCap-VisReflect/Version_1/round_2/sample_0492_1/annotations/t2v_notebook_true/annotation_0000_log,0.0,[]
/Users/nngu0448/Documents/data/REDCap-VisReflect/Version_1/round_2/sample_0492_2/annotations/t2v_notebook_true/annotation_0000_log,1.0,['5164632832_5176054112']
/Users/nngu0448/Documents/data/REDCap-VisReflect/Version_1/round_2/sample_0496_1/annotations/t2v_notebook_true/annotation_0000_log,4.0,"['5571433472_5572006672', '5571433472_5572006720', '5571433472_5572492176', '5571433472_5572011040']"
/Users/nngu0448/Documents/data/REDCap-VisReflect/Version_1/round_2/sample_0499_1/annotations/t2v_notebook_true/annotation_0000_log,1.0,['4434969664_5010802448']
/Users/nngu0448/Documents/data/REDCap-VisReflect/Version_1/round_2/sample_0501_1/annotations/t2v_notebook_true/annotation_0000_log,5.0,"['4447791984_4889388352', '4447791984_4890205248', '4447791984_4877399488', '4447791984_4890549072', '4447791984_4889392096']"
/Users/nngu0448/Documents/data/REDCap-VisReflect/Version_1/round_2/sample_0506_2/annotations/t2v_notebook_true/annotation_0000_log,1.0,['4399332480_5003872400']
/Users/nngu0448/Documents/data/REDCap-VisReflect/Version_1/round_2/sample_0507_1/annotations/t2v_notebook_true/annotation_0000_log,1.0,['5439160144_5441752000']
/Users/nngu0448/Documents/data/REDCap-VisReflect/Version_1/round_2/sample_0516_1/annotations/t2v_notebook_true/annotation_0000_log,1.0,['4871318624_4871463200']
/Users/nngu0448/Documents/data/REDCap-VisReflect/Version_1/round_2/sample_0516_2/annotations/t2v_notebook_true/annotation_0000_log,5.0,"['5459249872_5459596672', '5419979632_5440004480', '5440647776_5460114032', '5424465584_5440397600', '5439640432_5439785008']"
/Users/nngu0448/Documents/data/REDCap-VisReflect/Version_1/round_2/sample_0516_3/annotations/t2v_notebook_true/annotation_0000_log,1.0,['4425751232_5454385792']
/Users/nngu0448/Documents/data/REDCap-VisReflect/Version_1/round_2/sample_0519_1/annotations/t2v_notebook_true/annotation_0000_log,0.0,[]
/Users/nngu0448/Documents/data/REDCap-VisReflect/Version_1/round_2/sample_0520_1/annotations/t2v_notebook_true/annotation_0000_log,1.0,['4398465344_4740888672']
/Users/nngu0448/Documents/data/REDCap-VisReflect/Version_1/round_2/sample_0528_1/annotations/t2v_notebook_true/annotation_0000_log,1.0,['4571614000_4983415648']
/Users/nngu0448/Documents/data/REDCap-VisReflect/Version_1/round_2/sample_0532_1/annotations/t2v_notebook_true/annotation_0000_log,1.0,['5134634832_5134636272']
/Users/nngu0448/Documents/data/REDCap-VisReflect/Version_1/round_2/sample_0533_1/annotations/t2v_notebook_true/annotation_0000_log,3.0,"['4393832224_5441122576', '4393832224_5441563216', '4393832224_5442277152']"
/Users/nngu0448/Documents/data/REDCap-VisReflect/Version_1/round_2/sample_0535_1/annotations/t2v_notebook_true/annotation_0000_log,1.0,['5556462288_5564236720']
/Users/nngu0448/Documents/data/REDCap-VisReflect/Version_1/round_2/sample_0537_1/annotations/t2v_notebook_true/annotation_0000_log,1.0,['4943828448_4943973024']
/Users/nngu0448/Documents/data/REDCap-VisReflect/Version_1/round_2/sample_0538_1/annotations/t2v_notebook_true/annotation_0000_log,4.0,"['4480318784_5024832768', '4480318784_5025394864', '4480318784_5025396160', '4480318784_5013170288']"
/Users/nngu0448/Documents/data/REDCap-VisReflect/Version_1/round_2/sample_0540_1/annotations/t2v_notebook_true/annotation_0000_log,2.0,"['4489174224_4939676800', '4489174224_4939827968']"
/Users/nngu0448/Documents/data/REDCap-VisReflect/Version_1/round_2/sample_0541_1/annotations/t2v_notebook_true/annotation_0000_log,1.0,['4371702432_5947444496']
/Users/nngu0448/Documents/data/REDCap-VisReflect/Version_1/round_2/sample_0543_1/annotations/t2v_notebook_true/annotation_0000_log,1.0,['4915607024_4943745856']
/Users/nngu0448/Documents/data/REDCap-VisReflect/Version_1/round_2/sample_0545_1/annotations/t2v_notebook_true/annotation_0000_log,1.0,['5123618528_5124152384']
/Users/nngu0448/Documents/data/REDCap-VisReflect/Version_1/round_2/sample_0545_2/annotations/t2v_notebook_true/annotation_0000_log,3.0,"['5618487072_5608103792', '5585082784_5600033392', '5586327968_5620677664']"
/Users/nngu0448/Documents/data/REDCap-VisReflect/Version_1/round_2/sample_0553_1/annotations/t2v_notebook_true/annotation_0000_log,1.0,['4587920256_6083496224']
/Users/nngu0448/Documents/data/REDCap-VisReflect/Version_1/round_2/sample_0554_1/annotations/t2v_notebook_true/annotation_0000_log,1.0,['5463031776_5442637936']
/Users/nngu0448/Documents/data/REDCap-VisReflect/Version_1/round_2/sample_0558_1/annotations/t2v_notebook_true/annotation_0000_log,1.0,['4355088816_4909123920']
/Users/nngu0448/Documents/data/REDCap-VisReflect/Version_1/round_2/sample_0560_1/annotations/t2v_notebook_true/annotation_0000_log,1.0,['5023921456_5289086176']
/Users/nngu0448/Documents/data/REDCap-VisReflect/Version_1/round_2/sample_0567_1/annotations/t2v_notebook_true/annotation_0000_log,1.0,['5273592720_5273787216']
/Users/nngu0448/Documents/data/REDCap-VisReflect/Version_1/round_2/sample_0572_1/annotations/t2v_notebook_true/annotation_0000_log,1.0,['4823376784_4732579488']
/Users/nngu0448/Documents/data/REDCap-VisReflect/Version_1/round_2/sample_0578_1/annotations/t2v_notebook_true/annotation_0000_log,4.0,"['6043473184_6043748304', '6043473184_6044151024', '6043473184_6043748112', '6043473184_6043968016']"
/Users/nngu0448/Documents/data/REDCap-VisReflect/Version_1/round_2/sample_0578_1/annotations/t2v_notebook_true/annotation_0001_log,1.0,['4391099456_5732013968']
/Users/nngu0448/Documents/data/REDCap-VisReflect/Version_1/round_2/sample_0580_1/annotations/t2v_notebook_true/annotation_0000_log,1.0,['4430387280_5168381680']
/Users/nngu0448/Documents/data/REDCap-VisReflect/Version_1/round_2/sample_0580_1/annotations/t2v_notebook_true/annotation_0001_log,1.0,['4938254048_4937979888']
/Users/nngu0448/Documents/data/REDCap-VisReflect/Version_1/round_2/sample_0580_1/annotations/t2v_notebook_true/annotation_0002_log,1.0,['4851227040_4851361280']
/Users/nngu0448/Documents/data/REDCap-VisReflect/Version_1/round_2/sample_0580_1/annotations/t2v_notebook_true/annotation_0003_log,1.0,['5097037152_5095465824']
/Users/nngu0448/Documents/data/REDCap-VisReflect/Version_1/round_2/sample_0582_1/annotations/t2v_notebook_true/annotation_0000_log,1.0,['5325723344_5326047808']
/Users/nngu0448/Documents/data/REDCap-VisReflect/Version_1/round_2/sample_0583_1/annotations/t2v_notebook_true/annotation_0000_log,2.0,"['4435021072_4971923936', '4435021072_4972089168']"
/Users/nngu0448/Documents/data/REDCap-VisReflect/Version_1/round_2/sample_0585_1/annotations/t2v_notebook_true/annotation_0000_log,0.0,[]
/Users/nngu0448/Documents/data/REDCap-VisReflect/Version_1/round_2/sample_0589_1/annotations/t2v_notebook_true/annotation_0000_log,9.0,"['4360350480_4828005488', '4360350480_4826507568', '4360350480_4828621632', '4360350480_4827172496', '4360350480_4829920816', '4360350480_4827671216', '4360350480_4827923472', '4360350480_4826501472', '4360350480_4826998272']"
/Users/nngu0448/Documents/data/REDCap-VisReflect/Version_1/round_2/sample_0592_1/annotations/t2v_notebook_true/annotation_0000_log,1.0,['5310987824_5327850240']
/Users/nngu0448/Documents/data/REDCap-VisReflect/Version_1/round_2/sample_0596_1/annotations/t2v_notebook_true/annotation_0000_log,3.0,"['5602303328_5583796608', '5602303328_5602628080', '5602303328_5602863648']"
/Users/nngu0448/Documents/data/REDCap-VisReflect/Version_1/round_2/sample_0596_2/annotations/t2v_notebook_true/annotation_0000_log,6.0,"['5290071424_5290237376', '5290071424_5291042448', '5290071424_5291245440', '5290071424_5290233152', '5290071424_5290880192', '5290071424_5291410880']"
/Users/nngu0448/Documents/data/REDCap-VisReflect/Version_1/round_2/sample_0598_1/annotations/t2v_notebook_true/annotation_0000_log,16.0,"['4962644144_4962635504', '5176222416_4963083008', '4961328000_4961669856', '4964105392_4963755280', '4961328000_4422554672', '4964105392_4964909424', '4962929744_5181309248', '5176278672_5183954896', '5176278672_5179985648', '4963077584_4965376624', '5180721584_5181536544', '5180721584_5226957232', '5176222416_5177938704', '4963077584_4963471472', '4962644144_4961681136', '4962929744_5180342048']"
/Users/nngu0448/Documents/data/REDCap-VisReflect/Version_1/round_2/sample_0600_1/annotations/t2v_notebook_true/annotation_0000_log,1.0,['5365227568_5366643552']
/Users/nngu0448/Documents/data/REDCap-VisReflect/Version_1/round_2/sample_0600_1/annotations/t2v_notebook_true/annotation_0001_log,6.0,"['4419927072_4821381200', '4419927072_4821376976', '4822264688_4822454816', '4822264688_4822464464', '4822264688_4822023584', '4822264688_4822644304']"
/Users/nngu0448/Documents/data/REDCap-VisReflect/Version_1/round_2/sample_0602_1/annotations/t2v_notebook_true/annotation_0000_log,1.0,['5562360240_5575518464']
/Users/nngu0448/Documents/data/REDCap-VisReflect/Version_1/round_2/sample_0602_1/annotations/t2v_notebook_true/annotation_0001_log,2.0,"['5160363760_6047178272', '5160363760_6047724032']"
/Users/nngu0448/Documents/data/REDCap-VisReflect/Version_1/round_2/sample_0605_1/annotations/t2v_notebook_true/annotation_0000_log,4.0,"['4527469632_4962161472', '4527469632_4961929456', '4527469632_4964067872', '4527469632_4961933392']"
/Users/nngu0448/Documents/data/REDCap-VisReflect/Version_1/round_2/sample_0607_1/annotations/t2v_notebook_true/annotation_0000_log,1.0,['4748044832_5627983968']
/Users/nngu0448/Documents/data/REDCap-VisReflect/Version_1/round_2/sample_0611_1/annotations/t2v_notebook_true/annotation_0000_log,1.0,['4387067024_4871079600']
/Users/nngu0448/Documents/data/REDCap-VisReflect/Version_1/round_2/sample_0616_1/annotations/t2v_notebook_true/annotation_0000_log,1.0,['4452908976_5094721680']
/Users/nngu0448/Documents/data/REDCap-VisReflect/Version_1/round_2/sample_0620_1/annotations/t2v_notebook_true/annotation_0000_log,2.0,"['5596075536_6099595584', '5596075536_6099591312']"
/Users/nngu0448/Documents/data/REDCap-VisReflect/Version_1/round_2/sample_0625_1/annotations/t2v_notebook_true/annotation_0000_log,2.0,"['5047368832_4741676736', '5047368832_5973758352']"
/Users/nngu0448/Documents/data/REDCap-VisReflect/Version_1/round_2/sample_0626_1/annotations/t2v_notebook_true/annotation_0000_log,3.0,"['4546098624_4944286768', '4944286624_4945488032', '4945706496_4945697040']"
/Users/nngu0448/Documents/data/REDCap-VisReflect/Version_1/round_2/sample_0626_2/annotations/t2v_notebook_true/annotation_0000_log,4.0,"['5478140816_5481629408', '5482450672_5484019392', '5481633824_5483167920', '5482450912_5483658320']"
/Users/nngu0448/Documents/data/REDCap-VisReflect/Version_1/round_2/sample_0629_1/annotations/t2v_notebook_true/annotation_0000_log,5.0,"['5052843504_5054885104', '5052843504_5052991680', '5052843504_5052998592', '5052843504_5054684560', '5052843504_5052998880']"
/Users/nngu0448/Documents/data/REDCap-VisReflect/Version_1/round_2/sample_0631_1/annotations/t2v_notebook_true/annotation_0000_log,1.0,['5468740240_5466761232']
/Users/nngu0448/Documents/data/REDCap-VisReflect/Version_1/round_2/sample_0636_1/annotations/t2v_notebook_true/annotation_0000_log,1.0,['5414259792_5024676704']
/Users/nngu0448/Documents/data/REDCap-VisReflect/Version_1/round_2/sample_0637_1/annotations/t2v_notebook_true/annotation_0000_log,1.0,['4393152448_5147300480']
/Users/nngu0448/Documents/data/REDCap-VisReflect/Version_1/round_2/sample_0638_1/annotations/t2v_notebook_true/annotation_0000_log,1.0,['5283339376_5291507200']
/Users/nngu0448/Documents/data/REDCap-VisReflect/Version_1/round_2/sample_0639_1/annotations/t2v_notebook_true/annotation_0000_log,2.0,"['4696512544_4961688496', '4696512544_4961688544']"
/Users/nngu0448/Documents/data/REDCap-VisReflect/Version_1/round_2/sample_0639_2/annotations/t2v_notebook_true/annotation_0000_log,4.0,"['4424882640_5608448624', '4424882640_5607894928', '4424882640_5605433536', '4424882640_5604933600']"
/Users/nngu0448/Documents/data/REDCap-VisReflect/Version_1/round_2/sample_0639_3/annotations/t2v_notebook_true/annotation_0000_log,3.0,"['5010790432_5052278128', '5010790432_5050946464', '5010790432_5052275872']"
/Users/nngu0448/Documents/data/REDCap-VisReflect/Version_1/round_2/sample_0641_1/annotations/t2v_notebook_true/annotation_0000_log,2.0,"['4378579056_5678747808', '4378579056_5678751936']"
/Users/nngu0448/Documents/data/REDCap-VisReflect/Version_1/round_2/sample_0641_2/annotations/t2v_notebook_true/annotation_0000_log,2.0,"['5090045792_5090496720', '5090045792_5090503392']"
/Users/nngu0448/Documents/data/REDCap-VisReflect/Version_1/round_2/sample_0645_1/annotations/t2v_notebook_true/annotation_0000_log,1.0,['4940245824_4971186704']
/Users/nngu0448/Documents/data/REDCap-VisReflect/Version_1/round_2/sample_0648_1/annotations/t2v_notebook_true/annotation_0000_log,2.0,"['4498703904_5676483024', '4498703904_5673914720']"
/Users/nngu0448/Documents/data/REDCap-VisReflect/Version_1/round_2/sample_0649_1/annotations/t2v_notebook_true/annotation_0000_log,1.0,['5236880160_4389650112']
/Users/nngu0448/Documents/data/REDCap-VisReflect/Version_1/round_2/sample_0652_1/annotations/t2v_notebook_true/annotation_0000_log,1.0,['5445514448_5446015632']
/Users/nngu0448/Documents/data/REDCap-VisReflect/Version_1/round_2/sample_0652_2/annotations/t2v_notebook_true/annotation_0000_log,1.0,['4391245808_4936171248']
/Users/nngu0448/Documents/data/REDCap-VisReflect/Version_1/round_2/sample_0655_1/annotations/t2v_notebook_true/annotation_0000_log,1.0,['4357653808_5344020864']
/Users/nngu0448/Documents/data/REDCap-VisReflect/Version_1/round_2/sample_0655_1/annotations/t2v_notebook_true/annotation_0001_log,1.0,['4683863520_5375367584']
/Users/nngu0448/Documents/data/REDCap-VisReflect/Version_1/round_2/sample_0655_1/annotations/t2v_notebook_true/annotation_0002_log,1.0,['4506904736_5632148256']
/Users/nngu0448/Documents/data/REDCap-VisReflect/Version_1/round_2/sample_0655_1/annotations/t2v_notebook_true/annotation_0003_log,1.0,['4493946096_4964100064']
/Users/nngu0448/Documents/data/REDCap-VisReflect/Version_1/round_2/sample_0660_1/annotations/t2v_notebook_true/annotation_0000_log,1.0,['4365507168_4692068592']
/Users/nngu0448/Documents/data/REDCap-VisReflect/Version_1/round_2/sample_0663_1/annotations/t2v_notebook_true/annotation_0000_log,2.0,"['4491763424_4962163344', '4491763424_4962170736']"
/Users/nngu0448/Documents/data/REDCap-VisReflect/Version_1/round_2/sample_0665_1/annotations/t2v_notebook_true/annotation_0000_log,1.0,['5436000784_5436046896']
/Users/nngu0448/Documents/data/REDCap-VisReflect/Version_1/round_2/sample_0666_1/annotations/t2v_notebook_true/annotation_0000_log,1.0,['5193782032_5193943184']
/Users/nngu0448/Documents/data/REDCap-VisReflect/Version_1/round_2/sample_0667_1/annotations/t2v_notebook_true/annotation_0000_log,1.0,['5034127968_5034125952']
/Users/nngu0448/Documents/data/REDCap-VisReflect/Version_1/round_2/sample_0668_1/annotations/t2v_notebook_true/annotation_0000_log,1.0,['4404893872_5581318832']
/Users/nngu0448/Documents/data/REDCap-VisReflect/Version_1/round_2/sample_0672_1/annotations/t2v_notebook_true/annotation_0000_log,2.0,"['5095095952_5560127552', '5095095952_5556208128']"
/Users/nngu0448/Documents/data/REDCap-VisReflect/Version_1/round_2/sample_0675_1/annotations/t2v_notebook_true/annotation_0000_log,1.0,['5229488048_4426931792']
/Users/nngu0448/Documents/data/REDCap-VisReflect/Version_1/round_2/sample_0679_1/annotations/t2v_notebook_true/annotation_0000_log,1.0,['4390093648_5632317712']
/Users/nngu0448/Documents/data/REDCap-VisReflect/Version_1/round_2/sample_0681_2/annotations/t2v_notebook_true/annotation_0000_log,2.0,"['6046321408_6051390112', '6046321408_6051393088']"
/Users/nngu0448/Documents/data/REDCap-VisReflect/Version_1/round_2/sample_0684_1/annotations/t2v_notebook_true/annotation_0000_log,1.0,['4422260480_5103126192']
/Users/nngu0448/Documents/data/REDCap-VisReflect/Version_1/round_2/sample_0689_1/annotations/t2v_notebook_true/annotation_0000_log,1.0,['5613688672_5614306704']
/Users/nngu0448/Documents/data/REDCap-VisReflect/Version_1/round_2/sample_0690_1/annotations/t2v_notebook_true/annotation_0000_log,3.0,"['5346269504_5347324224', '5346269504_5347119600', '5346269504_5347122960']"
/Users/nngu0448/Documents/data/REDCap-VisReflect/Version_1/round_2/sample_0690_1/annotations/t2v_notebook_true/annotation_0001_log,3.0,"['6011449472_6048525456', '6011449472_6049462944', '6011449472_6048521328']"
/Users/nngu0448/Documents/data/REDCap-VisReflect/Version_1/round_2/sample_0693_1/annotations/t2v_notebook_true/annotation_0000_log,1.0,['4850086208_5685221600']
/Users/nngu0448/Documents/data/REDCap-VisReflect/Version_1/round_2/sample_0693_2/annotations/t2v_notebook_true/annotation_0000_log,1.0,['5027357824_5027502400']
/Users/nngu0448/Documents/data/REDCap-VisReflect/Version_1/round_2/sample_0699_1/annotations/t2v_notebook_true/annotation_0000_log,8.0,"['4402862880_5712405104', '4402862880_5713620544', '4402862880_5713009968', '4402862880_5713760320', '4402862880_5712405152', '4402862880_5713016736', '4402862880_5713223632', '4402862880_5714129936']"
/Users/nngu0448/Documents/data/REDCap-VisReflect/Version_1/round_2/sample_0702_1/annotations/t2v_notebook_true/annotation_0000_log,5.0,"['4358970624_5092830592', '5079621200_5079619376', '5095873216_5096151984', '5096319616_5094383136', '5095150544_5095008800']"
/Users/nngu0448/Documents/data/REDCap-VisReflect/Version_1/round_2/sample_0705_1/annotations/t2v_notebook_true/annotation_0000_log,1.0,['4386456496_5569869776']
/Users/nngu0448/Documents/data/REDCap-VisReflect/Version_1/round_2/sample_0706_1/annotations/t2v_notebook_true/annotation_0000_log,3.0,"['6251979568_6312084160', '6251979568_6311721200', '6251979568_6311719232']"
/Users/nngu0448/Documents/data/REDCap-VisReflect/Version_1/round_2/sample_0708_1/annotations/t2v_notebook_true/annotation_0000_log,2.0,"['4394566864_5200090784', '4394566864_5197633760']"
/Users/nngu0448/Documents/data/REDCap-VisReflect/Version_1/round_2/sample_0709_1/annotations/t2v_notebook_true/annotation_0000_log,1.0,['5359788512_5360118112']
/Users/nngu0448/Documents/data/REDCap-VisReflect/Version_1/round_2/sample_0709_1/annotations/t2v_notebook_true/annotation_0001_log,20.0,"['13267332336_13267450864', '13267332336_13267445632', '13267332336_13323714144', '13267332336_13323706176', '13267332336_13342210912', '13267332336_13342619600', '13267332336_13270436512', '13267332336_13342408528', '13267332336_13322822544', '13267332336_13267332912', '13267332336_13270287040', '13267332336_13342845568', '13267332336_13341964000', '13267332336_13341571264', '13267332336_13322820432', '13267332336_13341339632', '13267332336_13267527888', '13267332336_13340942096', '13267332336_13267324368', '13267332336_13341567520']"
/Users/nngu0448/Documents/data/REDCap-VisReflect/Version_1/round_2/sample_0709_1/annotations/t2v_notebook_true/annotation_0002_log,3.0,"['4470098160_5674656464', '4470098160_5676689952', '4470098160_4355190912']"
/Users/nngu0448/Documents/data/REDCap-VisReflect/Version_1/round_2/sample_0712_1/annotations/t2v_notebook_true/annotation_0000_log,6.0,"['12900931088_12905910096', '12900931088_12905910144', '12900931088_12906908896', '12900931088_12906313824', '12900931088_12906313104', '12900931088_12906114240']"
/Users/nngu0448/Documents/data/REDCap-VisReflect/Version_1/round_2/sample_0712_2/annotations/t2v_notebook_true/annotation_0000_log,2.0,"['4956602240_4957267360', '4956602240_4956827248']"
/Users/nngu0448/Documents/data/REDCap-VisReflect/Version_1/round_2/sample_0716_1/annotations/t2v_notebook_true/annotation_0000_log,3.0,"['4852700976_5476534608', '4852700976_5476534560', '4852700976_5476738272']"
/Users/nngu0448/Documents/data/REDCap-VisReflect/Version_1/round_2/sample_0717_1/annotations/t2v_notebook_true/annotation_0000_log,3.0,"['5005175184_6084778928', '5005175184_6084932672', '5005175184_6084783200']"
/Users/nngu0448/Documents/data/REDCap-VisReflect/Version_1/round_2/sample_0717_2/annotations/t2v_notebook_true/annotation_0000_log,4.0,"['6064022608_6064024240', '6064022608_6073405840', '6064022608_6064029040', '6064022608_6064224928']"
/Users/nngu0448/Documents/data/REDCap-VisReflect/Version_1/round_2/sample_0720_1/annotations/t2v_notebook_true/annotation_0000_log,1.0,['4774431488_5670467152']
/Users/nngu0448/Documents/data/REDCap-VisReflect/Version_1/round_2/sample_0721_1/annotations/t2v_notebook_true/annotation_0000_log,1.0,['4542598176_5336156640']
/Users/nngu0448/Documents/data/REDCap-VisReflect/Version_1/round_2/sample_0727_1/annotations/t2v_notebook_true/annotation_0000_log,3.0,"['4536148304_5094322160', '4536148304_5094322208', '4536148304_5096365792']"
/Users/nngu0448/Documents/data/REDCap-VisReflect/Version_1/round_2/sample_0727_2/annotations/t2v_notebook_true/annotation_0000_log,2.0,"['4700779344_5077594624', '4700779344_5077595104']"
/Users/nngu0448/Documents/data/REDCap-VisReflect/Version_1/round_2/sample_0730_1/annotations/t2v_notebook_true/annotation_0000_log,1.0,['5086191424_5092855008']
/Users/nngu0448/Documents/data/REDCap-VisReflect/Version_1/round_2/sample_0737_1/annotations/t2v_notebook_true/annotation_0000_log,4.0,"['6282381408_6282379440', '6117791536_6128285216', '12920172240_6131799424', '12902571696_12902768352']"
/Users/nngu0448/Documents/data/REDCap-VisReflect/Version_1/round_2/sample_0749_1/annotations/t2v_notebook_true/annotation_0000_log,1.0,['4675008656_5233739392']
/Users/nngu0448/Documents/data/REDCap-VisReflect/Version_1/round_2/sample_0754_1/annotations/t2v_notebook_true/annotation_0000_log,1.0,['5279027792_5278675216']
/Users/nngu0448/Documents/data/REDCap-VisReflect/Version_1/round_2/sample_0755_1/annotations/t2v_notebook_true/annotation_0000_log,3.0,"['4355015648_5072135344', '4355015648_5068309184', '4355015648_5074181952']"
/Users/nngu0448/Documents/data/REDCap-VisReflect/Version_1/round_2/sample_0758_1/annotations/t2v_notebook_true/annotation_0000_log,1.0,['4367590816_4912663344']
/Users/nngu0448/Documents/data/REDCap-VisReflect/Version_1/round_2/sample_0761_1/annotations/t2v_notebook_true/annotation_0000_log,1.0,['4608220800_6013668480']
/Users/nngu0448/Documents/data/REDCap-VisReflect/Version_1/round_2/sample_0768_1/annotations/t2v_notebook_true/annotation_0000_log,1.0,['4398290304_5025549728']
/Users/nngu0448/Documents/data/REDCap-VisReflect/Version_1/round_2/sample_0769_1/annotations/t2v_notebook_true/annotation_0000_log,3.0,"['5281275856_5281666192', '5281275856_5282621024', '5281275856_5281485824']"
/Users/nngu0448/Documents/data/REDCap-VisReflect/Version_1/round_2/sample_0771_1/annotations/t2v_notebook_true/annotation_0000_log,6.0,"['4612586576_5489264832', '4612586576_5489268864', '4612586576_5490059904', '4612586576_5490263008', '4612586576_5490274816', '4612586576_5489894288']"
/Users/nngu0448/Documents/data/REDCap-VisReflect/Version_1/round_2/sample_0773_1/annotations/t2v_notebook_true/annotation_0000_log,1.0,['5457681520_4682680320']
/Users/nngu0448/Documents/data/REDCap-VisReflect/Version_1/round_2/sample_0775_1/annotations/t2v_notebook_true/annotation_0000_log,10.0,"['4498714656_5111549152', '4498714656_5114365424', '4498714656_5111549104', '4498714656_5111554720', '4498714656_5114929776', '4498714656_5114723504', '4498714656_5111799376', '4498714656_5113946208', '4498714656_5115299792', '4498714656_5114176160']"
/Users/nngu0448/Documents/data/REDCap-VisReflect/Version_1/round_2/sample_0776_1/annotations/t2v_notebook_true/annotation_0000_log,1.0,['4434185824_5613734560']
/Users/nngu0448/Documents/data/REDCap-VisReflect/Version_1/round_2/sample_0777_1/annotations/t2v_notebook_true/annotation_0000_log,1.0,['5184134928_5642678160']
/Users/nngu0448/Documents/data/REDCap-VisReflect/Version_1/round_2/sample_0780_1/annotations/t2v_notebook_true/annotation_0000_log,10.0,"['4702991856_5681493632', '4702991856_5682434112', '4702991856_5681872528', '4702991856_5680892000', '4702991856_5680896608', '4702991856_5681129152', '4702991856_5681294672', '4702991856_5681691104', '4702991856_5682037008', '4702991856_5681869408']"
/Users/nngu0448/Documents/data/REDCap-VisReflect/Version_1/round_2/sample_0788_1/annotations/t2v_notebook_true/annotation_0000_log,1.0,['5343272336_5343482592']
/Users/nngu0448/Documents/data/REDCap-VisReflect/Version_1/round_2/sample_0791_1/annotations/t2v_notebook_true/annotation_0000_log,3.0,"['6250492320_6262212512', '6250492320_6262785616', '6250492320_6250246080']"
/Users/nngu0448/Documents/data/REDCap-VisReflect/Version_1/round_2/sample_0795_1/annotations/t2v_notebook_true/annotation_0000_log,1.0,['4894630800_4963191072']
/Users/nngu0448/Documents/data/REDCap-VisReflect/Version_1/round_2/sample_0801_1/annotations/t2v_notebook_true/annotation_0000_log,1.0,['4466593904_5039098912']
/Users/nngu0448/Documents/data/REDCap-VisReflect/Version_1/round_2/sample_0803_1/annotations/t2v_notebook_true/annotation_0000_log,15.0,"['5352411584_5353343696', '5352411584_5354060544', '5352411584_5355515072', '5352411584_5355659312', '5352411584_5353522048', '5352411584_5353874896', '5352411584_5353346096', '5352411584_5352413792', '5352411584_5354322640', '5352411584_5354717264', '5352411584_5353867600', '5352411584_5352419648', '5352411584_5354310688', '5352411584_5352698224', '5352411584_5352420992']"
/Users/nngu0448/Documents/data/REDCap-VisReflect/Version_1/round_2/sample_0806_1/annotations/t2v_notebook_true/annotation_0000_log,0.0,[]
/Users/nngu0448/Documents/data/REDCap-VisReflect/Version_1/round_2/sample_0807_1/annotations/t2v_notebook_true/annotation_0000_log,2.0,"['4536939056_5211857376', '4536939056_5211861744']"
/Users/nngu0448/Documents/data/REDCap-VisReflect/Version_1/round_2/sample_0814_1/annotations/t2v_notebook_true/annotation_0000_log,1.0,['5602245952_5602245040']
/Users/nngu0448/Documents/data/REDCap-VisReflect/Version_1/round_2/sample_0814_1/annotations/t2v_notebook_true/annotation_0001_log,1.0,['5709962976_5709419088']
/Users/nngu0448/Documents/data/REDCap-VisReflect/Version_1/round_2/sample_0826_1/annotations/t2v_notebook_true/annotation_0000_log,1.0,['5277068528_5277584752']
/Users/nngu0448/Documents/data/REDCap-VisReflect/Version_1/round_2/sample_0834_1/annotations/t2v_notebook_true/annotation_0000_log,1.0,['5131004448_5477075232']
/Users/nngu0448/Documents/data/REDCap-VisReflect/Version_1/round_2/sample_0836_1/annotations/t2v_notebook_true/annotation_0000_log,6.0,"['4595323280_5241342672', '4595323280_5241342624', '4595323280_5251449728', '4595323280_5250519680', '4595323280_5243865328', '4595323280_5241606784']"
/Users/nngu0448/Documents/data/REDCap-VisReflect/Version_1/round_2/sample_0844_1/annotations/t2v_notebook_true/annotation_0000_log,1.0,['4401587664_5580198432']
/Users/nngu0448/Documents/data/REDCap-VisReflect/Version_1/round_2/sample_0846_1/annotations/t2v_notebook_true/annotation_0000_log,1.0,['4383999280_5579230576']
/Users/nngu0448/Documents/data/REDCap-VisReflect/Version_1/round_2/sample_0848_1/annotations/t2v_notebook_true/annotation_0000_log,8.0,"['6064392384_6074221872', '6064392384_6074783056', '6064392384_6074379360', '6064392384_6074222736', '6064392384_6074784448', '6064392384_6109263872', '6064392384_6109461920', '6064392384_6075099968']"
/Users/nngu0448/Documents/data/REDCap-VisReflect/Version_1/round_2/sample_0851_1/annotations/t2v_notebook_true/annotation_0000_log,7.0,"['4494116912_4928091344', '4494116912_4928080736', '4494116912_4927663920', '4494116912_4928589024', '4494116912_4927866256', '4494116912_4927664448', '4494116912_4928252352']"
/Users/nngu0448/Documents/data/REDCap-VisReflect/Version_1/round_2/sample_0853_1/annotations/t2v_notebook_true/annotation_0000_log,2.0,"['4611282064_4937568944', '4611282064_4937569088']"
/Users/nngu0448/Documents/data/REDCap-VisReflect/Version_1/round_2/sample_0864_1/annotations/t2v_notebook_true/annotation_0000_log,1.0,['4456062784_4907437376']
/Users/nngu0448/Documents/data/REDCap-VisReflect/Version_1/round_2/sample_0874_1/annotations/t2v_notebook_true/annotation_0000_log,1.0,['4958993296_5390047696']
/Users/nngu0448/Documents/data/REDCap-VisReflect/Version_1/round_2/sample_0875_1/annotations/t2v_notebook_true/annotation_0000_log,1.0,['4401339024_4938004288']
/Users/nngu0448/Documents/data/REDCap-VisReflect/Version_1/round_2/sample_0876_2/annotations/t2v_notebook_true/annotation_0000_log,0.0,[]
/Users/nngu0448/Documents/data/REDCap-VisReflect/Version_1/round_2/sample_0876_3/annotations/t2v_notebook_true/annotation_0000_log,0.0,[]
/Users/nngu0448/Documents/data/REDCap-VisReflect/Version_1/round_2/sample_0882_1/annotations/t2v_notebook_true/annotation_0000_log,1.0,['4363566928_5223868288']
/Users/nngu0448/Documents/data/REDCap-VisReflect/Version_1/round_2/sample_0891_1/annotations/t2v_notebook_true/annotation_0000_log,1.0,['4510266816_5211410736']
/Users/nngu0448/Documents/data/REDCap-VisReflect/Version_1/round_2/sample_0892_1/annotations/t2v_notebook_true/annotation_0000_log,1.0,['4390805456_5312792000']
/Users/nngu0448/Documents/data/REDCap-VisReflect/Version_1/round_2/sample_0894_1/annotations/t2v_notebook_true/annotation_0000_log,1.0,['5464031600_5468208736']
/Users/nngu0448/Documents/data/REDCap-VisReflect/Version_1/round_2/sample_0895_1/annotations/t2v_notebook_true/annotation_0000_log,1.0,['4940065696_4954282112']
/Users/nngu0448/Documents/data/REDCap-VisReflect/Version_1/round_2/sample_0895_2/annotations/t2v_notebook_true/annotation_0000_log,1.0,['5178788128_5186458912']
/Users/nngu0448/Documents/data/REDCap-VisReflect/Version_1/round_2/sample_0901_1/annotations/t2v_notebook_true/annotation_0000_log,1.0,['4526939968_5393533024']
/Users/nngu0448/Documents/data/REDCap-VisReflect/Version_1/round_2/sample_0905_1/annotations/t2v_notebook_true/annotation_0000_log,6.0,"['5606162752_5612726336', '5606162752_5616812208', '5612941200_5620320016', '5619990016_5621640768', '5619990016_5622377184', '5619990016_5620276096']"
/Users/nngu0448/Documents/data/REDCap-VisReflect/Version_1/round_2/sample_0907_1/annotations/t2v_notebook_true/annotation_0000_log,2.0,"['4797017952_5549815136', '4797017952_5549804576']"
/Users/nngu0448/Documents/data/REDCap-VisReflect/Version_1/round_2/sample_0909_1/annotations/t2v_notebook_true/annotation_0000_log,1.0,['4695401744_5610620736']
/Users/nngu0448/Documents/data/REDCap-VisReflect/Version_1/round_2/sample_0911_1/annotations/t2v_notebook_true/annotation_0000_log,1.0,['4579159328_5242767744']
/Users/nngu0448/Documents/data/REDCap-VisReflect/Version_1/round_2/sample_0914_1/annotations/t2v_notebook_true/annotation_0000_log,1.0,['4523419232_4980460384']
/Users/nngu0448/Documents/data/REDCap-VisReflect/Version_1/round_2/sample_0914_2/annotations/t2v_notebook_true/annotation_0000_log,7.0,"['5084145008_5086456832', '5084145008_5088501904', '5084145008_5089055648', '5084145008_5087790096', '5084145008_5087726336', '5084145008_5086631440', '5084145008_5086628176']"
/Users/nngu0448/Documents/data/REDCap-VisReflect/Version_1/round_2/sample_0921_1/annotations/t2v_notebook_true/annotation_0000_log,2.0,"['5046519760_4490455824', '4778955776_5047018144']"
/Users/nngu0448/Documents/data/REDCap-VisReflect/Version_1/round_2/sample_0924_1/annotations/t2v_notebook_true/annotation_0000_log,0.0,[]
/Users/nngu0448/Documents/data/REDCap-VisReflect/Version_1/round_2/sample_0925_1/annotations/t2v_notebook_true/annotation_0000_log,1.0,['5453016544_5455471024']
/Users/nngu0448/Documents/data/REDCap-VisReflect/Version_1/round_2/sample_0929_1/annotations/t2v_notebook_true/annotation_0000_log,1.0,['4425650768_5127310320']
/Users/nngu0448/Documents/data/REDCap-VisReflect/Version_1/round_2/sample_0931_1/annotations/t2v_notebook_true/annotation_0000_log,4.0,"['4362634448_4954720784', '4362634448_4954902208', '4362634448_4954322320', '4362634448_4954322848']"
/Users/nngu0448/Documents/data/REDCap-VisReflect/Version_1/round_2/sample_0934_1/annotations/t2v_notebook_true/annotation_0000_log,1.0,['4870960144_5577086768']
/Users/nngu0448/Documents/data/REDCap-VisReflect/Version_1/round_2/sample_0935_1/annotations/t2v_notebook_true/annotation_0000_log,1.0,['5294490256_5304480304']
/Users/nngu0448/Documents/data/REDCap-VisReflect/Version_1/round_2/sample_0936_2/annotations/t2v_notebook_true/annotation_0000_log,1.0,['4513140992_5107439216']
/Users/nngu0448/Documents/data/REDCap-VisReflect/Version_1/round_2/sample_0936_3/annotations/t2v_notebook_true/annotation_0000_log,1.0,['4737596016_5344502720']
/Users/nngu0448/Documents/data/REDCap-VisReflect/Version_1/round_2/sample_0939_1/annotations/t2v_notebook_true/annotation_0000_log,1.0,['4510013088_5287290464']
/Users/nngu0448/Documents/data/REDCap-VisReflect/Version_1/round_2/sample_0942_1/annotations/t2v_notebook_true/annotation_0000_log,1.0,['4939543664_5145639824']
/Users/nngu0448/Documents/data/REDCap-VisReflect/Version_1/round_2/sample_0942_1/annotations/t2v_notebook_true/annotation_0001_log,2.0,"['5909756912_5909988464', '5909756912_5910316768']"
/Users/nngu0448/Documents/data/REDCap-VisReflect/Version_1/round_2/sample_0943_1/annotations/t2v_notebook_true/annotation_0000_log,1.0,['4492313040_4960208800']
/Users/nngu0448/Documents/data/REDCap-VisReflect/Version_1/round_2/sample_0944_1/annotations/t2v_notebook_true/annotation_0000_log,2.0,"['4419928144_5100985168', '4419928144_5100980896']"
/Users/nngu0448/Documents/data/REDCap-VisReflect/Version_1/round_2/sample_0945_1/annotations/t2v_notebook_true/annotation_0000_log,1.0,['4777117024_5609982576']
/Users/nngu0448/Documents/data/REDCap-VisReflect/Version_1/round_2/sample_0946_1/annotations/t2v_notebook_true/annotation_0000_log,18.0,"['4435679312_6050613296', '4435679312_6052494848', '4435679312_6052484672', '4435679312_6050613824', '4435679312_6055589024', '4435679312_6055410288', '4435679312_6052868560', '4435679312_6053447824', '4435679312_6052486544', '4435679312_6053034656', '4435679312_6053032736', '4435679312_6053992000', '4435679312_6053791312', '4435679312_6054387328', '4435679312_6054203936', '4435679312_6050617568', '4435679312_6055195856', '4435679312_6052671184']"
/Users/nngu0448/Documents/data/REDCap-VisReflect/Version_1/round_2/sample_0946_2/annotations/t2v_notebook_true/annotation_0000_log,4.0,"['4607387520_4961719680', '4607387520_4962074160', '4607387520_4961724000', '4607387520_4962450224']"
/Users/nngu0448/Documents/data/REDCap-VisReflect/Version_1/round_2/sample_0948_1/annotations/t2v_notebook_true/annotation_0000_log,1.0,['4435371088_5203773920']
/Users/nngu0448/Documents/data/REDCap-VisReflect/Version_1/round_2/sample_0948_2/annotations/t2v_notebook_true/annotation_0000_log,1.0,['4427828256_4973103200']
/Users/nngu0448/Documents/data/REDCap-VisReflect/Version_1/round_2/sample_0949_1/annotations/t2v_notebook_true/annotation_0000_log,3.0,"['4525711840_5166716000', '4525711840_5167153328', '4525711840_5166272960']"
/Users/nngu0448/Documents/data/REDCap-VisReflect/Version_1/round_2/sample_0953_1/annotations/t2v_notebook_true/annotation_0000_log,1.0,['4391083888_4944619440']
/Users/nngu0448/Documents/data/REDCap-VisReflect/Version_1/round_2/sample_0954_1/annotations/t2v_notebook_true/annotation_0000_log,1.0,['4366546848_4911100608']
/Users/nngu0448/Documents/data/REDCap-VisReflect/Version_1/round_2/sample_0960_1/annotations/t2v_notebook_true/annotation_0000_log,2.0,"['4428751376_4963765664', '4428751376_4963775696']"
/Users/nngu0448/Documents/data/REDCap-VisReflect/Version_1/round_2/sample_0961_1/annotations/t2v_notebook_true/annotation_0000_log,1.0,['4522840128_5378002480']
/Users/nngu0448/Documents/data/REDCap-VisReflect/Version_1/round_2/sample_0963_1/annotations/t2v_notebook_true/annotation_0000_log,1.0,['4358093472_4931160544']
/Users/nngu0448/Documents/data/REDCap-VisReflect/Version_1/round_2/sample_0963_1/annotations/t2v_notebook_true/annotation_0001_log,1.0,['4452448880_4682344464']
/Users/nngu0448/Documents/data/REDCap-VisReflect/Version_1/round_2/sample_0966_1/annotations/t2v_notebook_true/annotation_0000_log,1.0,['4364066624_4364533104']
/Users/nngu0448/Documents/data/REDCap-VisReflect/Version_1/round_2/sample_0973_1/annotations/t2v_notebook_true/annotation_0000_log,1.0,['4930391312_4963974272']
/Users/nngu0448/Documents/data/REDCap-VisReflect/Version_1/round_2/sample_0974_1/annotations/t2v_notebook_true/annotation_0000_log,1.0,['4434820032_5233862720']
/Users/nngu0448/Documents/data/REDCap-VisReflect/Version_1/round_2/sample_0975_1/annotations/t2v_notebook_true/annotation_0000_log,0.0,[]
/Users/nngu0448/Documents/data/REDCap-VisReflect/Version_1/round_2/sample_0975_1/annotations/t2v_notebook_true/annotation_0001_log,0.0,[]
/Users/nngu0448/Documents/data/REDCap-VisReflect/Version_1/round_2/sample_0977_1/annotations/t2v_notebook_true/annotation_0000_log,1.0,['4430962496_5218632672']
/Users/nngu0448/Documents/data/REDCap-VisReflect/Version_1/round_2/sample_0977_2/annotations/t2v_notebook_true/annotation_0000_log,0.0,[]
/Users/nngu0448/Documents/data/REDCap-VisReflect/Version_1/round_2/sample_0978_1/annotations/t2v_notebook_true/annotation_0000_log,1.0,['5338800320_5357600992']
/Users/nngu0448/Documents/data/REDCap-VisReflect/Version_1/round_2/sample_0980_1/annotations/t2v_notebook_true/annotation_0000_log,1.0,['4579095904_5380710304']
/Users/nngu0448/Documents/data/REDCap-VisReflect/Version_1/round_2/sample_0980_2/annotations/t2v_notebook_true/annotation_0000_log,1.0,['4559903424_5152761008']
/Users/nngu0448/Documents/data/REDCap-VisReflect/Version_1/round_2/sample_0981_1/annotations/t2v_notebook_true/annotation_0000_log,2.0,"['4355382336_5090206368', '4355382336_5089987568']"
/Users/nngu0448/Documents/data/REDCap-VisReflect/Version_1/round_2/sample_0985_1/annotations/t2v_notebook_true/annotation_0000_log,1.0,['5413283856_5413467536']
/Users/nngu0448/Documents/data/REDCap-VisReflect/Version_1/round_2/sample_0985_2/annotations/t2v_notebook_true/annotation_0000_log,1.0,['5300741776_5054581024']
/Users/nngu0448/Documents/data/REDCap-VisReflect/Version_1/round_2/sample_0987_1/annotations/t2v_notebook_true/annotation_0000_log,1.0,['4388774080_4942697904']
/Users/nngu0448/Documents/data/REDCap-VisReflect/Version_1/round_2/sample_0988_1/annotations/t2v_notebook_true/annotation_0000_log,1.0,['5950719040_5957775248']
/Users/nngu0448/Documents/data/REDCap-VisReflect/Version_1/round_2/sample_0990_1/annotations/t2v_notebook_true/annotation_0000_log,1.0,['4904550080_5216012240']
/Users/nngu0448/Documents/data/REDCap-VisReflect/Version_1/round_2/sample_0991_1/annotations/t2v_notebook_true/annotation_0000_log,1.0,['5318141344_5324168304']
/Users/nngu0448/Documents/data/REDCap-VisReflect/Version_1/round_2/sample_0992_1/annotations/t2v_notebook_true/annotation_0000_log,1.0,['4925057232_4944021120']
/Users/nngu0448/Documents/data/REDCap-VisReflect/Version_1/round_2/sample_0992_2/annotations/t2v_notebook_true/annotation_0000_log,1.0,['4508610880_4921841792']
/Users/nngu0448/Documents/data/REDCap-VisReflect/Version_1/round_2/sample_0992_3/annotations/t2v_notebook_true/annotation_0000_log,1.0,['4923107248_4952167184']
/Users/nngu0448/Documents/data/REDCap-VisReflect/Version_1/round_2/sample_0995_1/annotations/t2v_notebook_true/annotation_0000_log,5.0,"['5149914176_5161202512', '5149914176_5161200592', '5149914176_5161052992', '5149914176_5160799168', '5149914176_5160799648']"
/Users/nngu0448/Documents/data/REDCap-VisReflect/Version_1/round_2/sample_0999_1/annotations/t2v_notebook_true/annotation_0000_log,2.0,"['5749105408_5744646896', '5749105408_5749396000']"
/Users/nngu0448/Documents/data/REDCap-VisReflect/Version_1/round_2/sample_1001_1/annotations/t2v_notebook_true/annotation_0000_log,1.0,['4463063552_4904044448']
/Users/nngu0448/Documents/data/REDCap-VisReflect/Version_1/round_2/sample_1007_1/annotations/t2v_notebook_true/annotation_0000_log,4.0,"['4427407744_5168657088', '4427407744_5168506848', '4427407744_5168272240', '4427407744_5168269792']"
/Users/nngu0448/Documents/data/REDCap-VisReflect/Version_1/round_2/sample_1019_1/annotations/t2v_notebook_true/annotation_0000_log,1.0,['4520463440_5032118656']
/Users/nngu0448/Documents/data/REDCap-VisReflect/Version_1/round_2/sample_1020_1/annotations/t2v_notebook_true/annotation_0000_log,3.0,"['5275576144_5276557264', '5275576144_5275772176', '5275576144_5276555968']"
/Users/nngu0448/Documents/data/REDCap-VisReflect/Version_1/round_2/sample_1021_1/annotations/t2v_notebook_true/annotation_0000_log,2.0,"['4939293488_5117221040', '4939293488_5117228672']"
/Users/nngu0448/Documents/data/REDCap-VisReflect/Version_1/round_2/sample_1021_2/annotations/t2v_notebook_true/annotation_0000_log,6.0,"['4422358016_5109654272', '4422358016_5109649856', '4422358016_5110328848', '4422358016_5110842192', '4422358016_5110479472', '4422358016_5110675264']"
/Users/nngu0448/Documents/data/REDCap-VisReflect/Version_1/round_2/sample_1023_1/annotations/t2v_notebook_true/annotation_0000_log,2.0,"['4362649968_5097933040', '4362649968_5098139008']"
/Users/nngu0448/Documents/data/REDCap-VisReflect/Version_1/round_2/sample_1024_1/annotations/t2v_notebook_true/annotation_0000_log,4.0,"['4492481728_5143991440', '4492481728_5143578048', '4492481728_5142105120', '4492481728_5142109920']"
/Users/nngu0448/Documents/data/REDCap-VisReflect/Version_1/round_2/sample_1025_1/annotations/t2v_notebook_true/annotation_0000_log,2.0,"['4352814512_5256259024', '4352814512_5256258976']"
/Users/nngu0448/Documents/data/REDCap-VisReflect/Version_1/round_2/sample_1026_1/annotations/t2v_notebook_true/annotation_0000_log,1.0,['4954048080_4954233488']
/Users/nngu0448/Documents/data/REDCap-VisReflect/Version_1/round_2/sample_1026_2/annotations/t2v_notebook_true/annotation_0000_log,3.0,"['5036167904_5036330832', '5036167904_5036332416', '5036167904_5036341392']"
/Users/nngu0448/Documents/data/REDCap-VisReflect/Version_1/round_2/sample_1026_3/annotations/t2v_notebook_true/annotation_0000_log,2.0,"['4902668000_4910767936', '4902668000_4910771200']"
/Users/nngu0448/Documents/data/REDCap-VisReflect/Version_1/round_2/sample_1033_1/annotations/t2v_notebook_true/annotation_0000_log,2.0,"['5480102800_5480616096', '5480102800_5480616480']"
/Users/nngu0448/Documents/data/REDCap-VisReflect/Version_1/round_2/sample_1034_1/annotations/t2v_notebook_true/annotation_0000_log,4.0,"['4520585520_4825300144', '4520585520_4825487536', '4520585520_4825287568', '4520585520_4825290976']"
/Users/nngu0448/Documents/data/REDCap-VisReflect/Version_1/round_2/sample_1036_1/annotations/t2v_notebook_true/annotation_0000_log,1.0,['4602144688_4602295984']
/Users/nngu0448/Documents/data/REDCap-VisReflect/Version_1/round_2/sample_1036_2/annotations/t2v_notebook_true/annotation_0000_log,8.0,"['4398698656_4934355616', '4398698656_4936627696', '4398698656_4937170864', '4398698656_4934360176', '4398698656_4936794720', '4398698656_4936449296', '4398698656_4936184176', '4398698656_4934591760']"
/Users/nngu0448/Documents/data/REDCap-VisReflect/Version_1/round_2/sample_1038_1/annotations/t2v_notebook_true/annotation_0000_log,1.0,['4982858928_4983355056']
/Users/nngu0448/Documents/data/REDCap-VisReflect/Version_1/round_2/sample_1052_1/annotations/t2v_notebook_true/annotation_0000_log,2.0,"['4395388368_5485404640', '4395388368_5501331280']"
/Users/nngu0448/Documents/data/REDCap-VisReflect/Version_1/round_2/sample_1052_2/annotations/t2v_notebook_true/annotation_0000_log,4.0,"['4963502752_5229083392', '4963502752_5718860640', '4963502752_5233464800', '4963502752_6044628944']"
/Users/nngu0448/Documents/data/REDCap-VisReflect/Version_1/round_2/sample_1052_4/annotations/t2v_notebook_true/annotation_0000_log,2.0,"['4893408960_4907509968', '4893408960_4897623264']"
/Users/nngu0448/Documents/data/REDCap-VisReflect/Version_1/round_2/sample_1055_1/annotations/t2v_notebook_true/annotation_0000_log,2.0,"['4485865904_4928082560', '4485865904_4925976272']"
/Users/nngu0448/Documents/data/REDCap-VisReflect/Version_1/round_2/sample_1071_1/annotations/t2v_notebook_true/annotation_0000_log,1.0,['4395033200_4946381616']
/Users/nngu0448/Documents/data/REDCap-VisReflect/Version_1/round_2/sample_1071_1/annotations/t2v_notebook_true/annotation_0001_log,1.0,['4899831776_4899981840']
/Users/nngu0448/Documents/data/REDCap-VisReflect/Version_1/round_2/sample_1071_1/annotations/t2v_notebook_true/annotation_0002_log,1.0,['4693131344_4900519328']
/Users/nngu0448/Documents/data/REDCap-VisReflect/Version_1/round_2/sample_1071_1/annotations/t2v_notebook_true/annotation_0003_log,1.0,['4912955952_5612520128']
/Users/nngu0448/Documents/data/REDCap-VisReflect/Version_1/round_2/sample_1071_1/annotations/t2v_notebook_true/annotation_0004_log,1.0,['4755244192_5362898832']
/Users/nngu0448/Documents/data/REDCap-VisReflect/Version_1/round_2/sample_1077_1/annotations/t2v_notebook_true/annotation_0000_log,3.0,"['4435492352_4972324160', '4435492352_4972088784', '4435492352_4972092672']"
/Users/nngu0448/Documents/data/REDCap-VisReflect/Version_1/round_2/sample_1078_1/annotations/t2v_notebook_true/annotation_0000_log,2.0,"['4961507312_4961635984', '4961507312_4961640448']"
/Users/nngu0448/Documents/data/REDCap-VisReflect/Version_1/round_2/sample_1081_1/annotations/t2v_notebook_true/annotation_0000_log,1.0,['5181517760_5181776400']
/Users/nngu0448/Documents/data/REDCap-VisReflect/Version_1/round_2/sample_1085_1/annotations/t2v_notebook_true/annotation_0000_log,1.0,['4900171040_4864085312']
/Users/nngu0448/Documents/data/REDCap-VisReflect/Version_1/round_2/sample_1086_3/annotations/t2v_notebook_true/annotation_0000_log,2.0,"['5085835152_5590018928', '5085835152_5590362128']"
/Users/nngu0448/Documents/data/REDCap-VisReflect/Version_1/round_2/sample_1087_1/annotations/t2v_notebook_true/annotation_0000_log,3.0,"['5241422960_5242666304', '5241422960_5243349872', '5241422960_5242662608']"
/Users/nngu0448/Documents/data/REDCap-VisReflect/Version_1/round_2/sample_1087_2/annotations/t2v_notebook_true/annotation_0000_log,3.0,"['4357282640_5250928368', '4357282640_5250935184', '4357282640_5251180800']"
/Users/nngu0448/Documents/data/REDCap-VisReflect/Version_1/round_2/sample_1088_1/annotations/t2v_notebook_true/annotation_0000_log,3.0,"['4397522224_4965777488', '4397522224_4965891248', '4397522224_4964250592']"
/Users/nngu0448/Documents/data/REDCap-VisReflect/Version_1/round_2/sample_1089_1/annotations/t2v_notebook_true/annotation_0000_log,5.0,"['4898477104_5168330368', '4898477104_5160154848', '4898477104_5170082256', '4898477104_5168422576', '4898477104_5169559264']"
/Users/nngu0448/Documents/data/REDCap-VisReflect/Version_1/round_2/sample_1092_1/annotations/t2v_notebook_true/annotation_0000_log,1.0,['4510286432_4819397536']
/Users/nngu0448/Documents/data/REDCap-VisReflect/Version_1/round_2/sample_1092_2/annotations/t2v_notebook_true/annotation_0000_log,1.0,['4489174272_4963518656']
/Users/nngu0448/Documents/data/REDCap-VisReflect/Version_1/round_2/sample_1094_1/annotations/t2v_notebook_true/annotation_0000_log,1.0,['4607548000_4947200048']
/Users/nngu0448/Documents/data/REDCap-VisReflect/Version_1/round_2/sample_1094_2/annotations/t2v_notebook_true/annotation_0000_log,1.0,['5615632352_4576762944']
/Users/nngu0448/Documents/data/REDCap-VisReflect/Version_1/round_2/sample_1094_3/annotations/t2v_notebook_true/annotation_0000_log,6.0,"['4766647216_5477478864', '4766647216_5486460560', '4766647216_5477722416', '4766647216_5477468880', '4766647216_5477472336', '4766647216_5486455232']"
/Users/nngu0448/Documents/data/REDCap-VisReflect/Version_1/round_2/sample_1096_1/annotations/t2v_notebook_true/annotation_0000_log,3.0,"['5095303616_5095754736', '5095303616_5095758960', '5095303616_5095754784']"
/Users/nngu0448/Documents/data/REDCap-VisReflect/Version_1/round_2/sample_1096_2/annotations/t2v_notebook_true/annotation_0000_log,1.0,['4428422736_5010821616']
/Users/nngu0448/Documents/data/REDCap-VisReflect/Version_1/round_2/sample_1099_1/annotations/t2v_notebook_true/annotation_0000_log,1.0,['4509333936_4892767680']
/Users/nngu0448/Documents/data/REDCap-VisReflect/Version_1/round_2/sample_1099_2/annotations/t2v_notebook_true/annotation_0000_log,4.0,"['6017119632_6017469568', '6016478448_6016643056', '6017119632_6017472160', '6016478448_6016639024']"
/Users/nngu0448/Documents/data/REDCap-VisReflect/Version_1/round_2/sample_1099_4/annotations/t2v_notebook_true/annotation_0000_log,2.0,"['5135512928_5135514656', '5135512928_5136219456']"
/Users/nngu0448/Documents/data/REDCap-VisReflect/Version_1/round_2/sample_1102_1/annotations/t2v_notebook_true/annotation_0000_log,2.0,"['4370178816_6073027184', '4370178816_6073027088']"
/Users/nngu0448/Documents/data/REDCap-VisReflect/Version_1/round_2/sample_1104_1/annotations/t2v_notebook_true/annotation_0000_log,4.0,"['5332334352_5347947776', '5332334352_5351585936', '5332334352_5347892912', '5332334352_5333143280']"
/Users/nngu0448/Documents/data/REDCap-VisReflect/Version_1/round_2/sample_1105_1/annotations/t2v_notebook_true/annotation_0000_log,3.0,"['5060735440_5061237440', '5060735440_5061003744', '5060735440_5061389936']"
/Users/nngu0448/Documents/data/REDCap-VisReflect/Version_1/round_2/sample_1106_1/annotations/t2v_notebook_true/annotation_0000_log,1.0,['4542273088_5121238576']
/Users/nngu0448/Documents/data/REDCap-VisReflect/Version_1/round_2/sample_1111_1/annotations/t2v_notebook_true/annotation_0000_log,2.0,"['4670348640_5492238256', '4670348640_5492240512']"
/Users/nngu0448/Documents/data/REDCap-VisReflect/Version_1/round_2/sample_1120_1/annotations/t2v_notebook_true/annotation_0000_log,1.0,['5341556288_5349040320']
/Users/nngu0448/Documents/data/REDCap-VisReflect/Version_1/round_2/sample_1122_1/annotations/t2v_notebook_true/annotation_0000_log,1.0,['5233547824_5233676304']
/Users/nngu0448/Documents/data/REDCap-VisReflect/Version_1/round_2/sample_1128_1/annotations/t2v_notebook_true/annotation_0000_log,1.0,['4401004672_5456464304']
/Users/nngu0448/Documents/data/REDCap-VisReflect/Version_1/round_2/sample_1130_2/annotations/t2v_notebook_true/annotation_0000_log,4.0,"['4606436672_4942527088', '4606436672_4942314000', '4606436672_4943349088', '4606436672_4943532672']"
/Users/nngu0448/Documents/data/REDCap-VisReflect/Version_1/round_2/sample_1130_3/annotations/t2v_notebook_true/annotation_0000_log,3.0,"['4428135744_5375772624', '4428135744_5375992240', '4428135744_5376009104']"
/Users/nngu0448/Documents/data/REDCap-VisReflect/Version_1/round_2/sample_1140_1/annotations/t2v_notebook_true/annotation_0000_log,10.0,"['4539557328_4933868512', '4539557328_4932739984', '4539557328_4923803984', '4539557328_4933155248', '4539557328_4924060640', '4539557328_4934067280', '4539557328_4924056464', '4539557328_4933286752', '4539557328_4932738544', '4539557328_4923804032']"
/Users/nngu0448/Documents/data/REDCap-VisReflect/Version_1/round_2/sample_1141_1/annotations/t2v_notebook_true/annotation_0000_log,1.0,['4713481856_5625382576']
/Users/nngu0448/Documents/data/REDCap-VisReflect/Version_1/round_2/sample_1142_1/annotations/t2v_notebook_true/annotation_0000_log,1.0,['5412441168_4900219760']
/Users/nngu0448/Documents/data/REDCap-VisReflect/Version_1/round_2/sample_1146_1/annotations/t2v_notebook_true/annotation_0000_log,12.0,"['5179809360_5484483104', '5179809360_5483285728', '5179809360_5483614032', '5179809360_5483741600', '5179809360_5484216928', '5179809360_5483918976', '5179809360_5483754224', '5179809360_5483819760', '5179809360_5484149168', '5179809360_5484225376', '5179809360_5214400256', '5179809360_5483293072']"
/Users/nngu0448/Documents/data/REDCap-VisReflect/Version_1/round_2/sample_1150_1/annotations/t2v_notebook_true/annotation_0000_log,1.0,['5437411920_5437572736']
/Users/nngu0448/Documents/data/REDCap-VisReflect/Version_1/round_2/sample_1157_1/annotations/t2v_notebook_true/annotation_0000_log,1.0,['4639144752_4980392976']
/Users/nngu0448/Documents/data/REDCap-VisReflect/Version_1/round_2/sample_1159_1/annotations/t2v_notebook_true/annotation_0000_log,1.0,['4804944544_5169046944']
/Users/nngu0448/Documents/data/REDCap-VisReflect/Version_1/round_2/sample_1164_1/annotations/t2v_notebook_true/annotation_0000_log,1.0,['4393155376_5172661664']
/Users/nngu0448/Documents/data/REDCap-VisReflect/Version_1/round_2/sample_1172_1/annotations/t2v_notebook_true/annotation_0000_log,2.0,"['4429469968_5054927824', '4429469968_5054938192']"
/Users/nngu0448/Documents/data/REDCap-VisReflect/Version_1/round_2/sample_1175_1/annotations/t2v_notebook_true/annotation_0000_log,1.0,['5127364272_5130851376']
/Users/nngu0448/Documents/data/REDCap-VisReflect/Version_1/round_2/sample_1179_1/annotations/t2v_notebook_true/annotation_0000_log,2.0,"['4357043216_4357276160', '4357043216_5869227856']"
/Users/nngu0448/Documents/data/REDCap-VisReflect/Version_1/round_2/sample_1180_1/annotations/t2v_notebook_true/annotation_0000_log,1.0,['4428970752_4428970368']
/Users/nngu0448/Documents/data/REDCap-VisReflect/Version_1/round_2/sample_1181_1/annotations/t2v_notebook_true/annotation_0000_log,1.0,['5586761392_5602459968']
/Users/nngu0448/Documents/data/REDCap-VisReflect/Version_1/round_2/sample_1181_2/annotations/t2v_notebook_true/annotation_0000_log,1.0,['4432974128_5255182816']
/Users/nngu0448/Documents/data/REDCap-VisReflect/Version_1/round_2/sample_1185_1/annotations/t2v_notebook_true/annotation_0000_log,1.0,['4365977072_4979427472']
/Users/nngu0448/Documents/data/REDCap-VisReflect/Version_1/round_2/sample_1185_1/annotations/t2v_notebook_true/annotation_0001_log,1.0,['4486786960_5096506672']
/Users/nngu0448/Documents/data/REDCap-VisReflect/Version_1/round_2/sample_1187_1/annotations/t2v_notebook_true/annotation_0000_log,1.0,['4515790000_4930292096']
/Users/nngu0448/Documents/data/REDCap-VisReflect/Version_1/round_2/sample_1188_1/annotations/t2v_notebook_true/annotation_0000_log,1.0,['4453990528_4921788800']
/Users/nngu0448/Documents/data/REDCap-VisReflect/Version_1/round_2/sample_1189_2/annotations/t2v_notebook_true/annotation_0000_log,6.0,"['5326577184_5326579536', '5326577184_5326628112', '5326577184_5327466672', '5326577184_5326625136', '5326577184_5327289136', '5326577184_5324800464']"
/Users/nngu0448/Documents/data/REDCap-VisReflect/Version_1/round_2/sample_1189_2/annotations/t2v_notebook_true/annotation_0001_log,1.0,['5588407344_5592149088']
/Users/nngu0448/Documents/data/REDCap-VisReflect/Version_1/round_2/sample_1193_1/annotations/t2v_notebook_true/annotation_0000_log,3.0,"['5045362016_5045727072', '5045362016_5042605520', '5045362016_5045522880']"
/Users/nngu0448/Documents/data/REDCap-VisReflect/Version_1/round_2/sample_1197_1/annotations/t2v_notebook_true/annotation_0000_log,1.0,['4574403792_5110417840']
/Users/nngu0448/Documents/data/REDCap-VisReflect/Version_1/round_2/sample_1200_1/annotations/t2v_notebook_true/annotation_0000_log,1.0,['4428928672_5243637824']
/Users/nngu0448/Documents/data/REDCap-VisReflect/Version_1/round_2/sample_1200_2/annotations/t2v_notebook_true/annotation_0000_log,2.0,"['4577934800_4964695408', '4577934800_5247869504']"
/Users/nngu0448/Documents/data/REDCap-VisReflect/Version_1/round_2/sample_1200_3/annotations/t2v_notebook_true/annotation_0000_log,2.0,"['4972979952_4969777200', '4972979952_4996435744']"
/Users/nngu0448/Documents/data/REDCap-VisReflect/Version_1/round_2/sample_1200_4/annotations/t2v_notebook_true/annotation_0000_log,2.0,"['4998289728_4997942400', '4998289728_5024904832']"
/Users/nngu0448/Documents/data/REDCap-VisReflect/Version_1/round_2/sample_1204_1/annotations/t2v_notebook_true/annotation_0000_log,1.0,['4964603312_4964731648']
/Users/nngu0448/Documents/data/REDCap-VisReflect/Version_1/round_2/sample_1208_1/annotations/t2v_notebook_true/annotation_0000_log,2.0,"['4430440368_6006546096', '4430440368_5349278592']"
/Users/nngu0448/Documents/data/REDCap-VisReflect/Version_1/round_2/sample_1208_2/annotations/t2v_notebook_true/annotation_0000_log,3.0,"['4546453888_5413066256', '4546453888_5413833856', '4546453888_5413707056']"
/Users/nngu0448/Documents/data/REDCap-VisReflect/Version_1/round_2/sample_1211_1/annotations/t2v_notebook_true/annotation_0000_log,4.0,"['4419786832_6046365504', '4419786832_6046170816', '4419786832_6046365456', '4419786832_6042371856']"
/Users/nngu0448/Documents/data/REDCap-VisReflect/Version_1/round_2/sample_1219_1/annotations/t2v_notebook_true/annotation_0000_log,1.0,['4390018784_4935518688']
/Users/nngu0448/Documents/data/REDCap-VisReflect/Version_1/round_2/sample_1221_1/annotations/t2v_notebook_true/annotation_0000_log,2.0,"['4395438816_5182098752', '4395438816_5182102448']"
/Users/nngu0448/Documents/data/REDCap-VisReflect/Version_1/round_2/sample_1222_1/annotations/t2v_notebook_true/annotation_0000_log,1.0,['4420295696_4955408864']
/Users/nngu0448/Documents/data/REDCap-VisReflect/Version_1/round_2/sample_1226_1/annotations/t2v_notebook_true/annotation_0000_log,1.0,['5082377312_5098648160']
/Users/nngu0448/Documents/data/REDCap-VisReflect/Version_1/round_2/sample_1229_1/annotations/t2v_notebook_true/annotation_0000_log,1.0,['5295035440_5312625792']
/Users/nngu0448/Documents/data/REDCap-VisReflect/Version_1/round_2/sample_1230_1/annotations/t2v_notebook_true/annotation_0000_log,3.0,"['4905900016_4906028544', '4905900016_4906265600', '4905900016_4906028496']"
/Users/nngu0448/Documents/data/REDCap-VisReflect/Version_1/round_2/sample_1233_1/annotations/t2v_notebook_true/annotation_0000_log,1.0,['4868190912_5429342048']
/Users/nngu0448/Documents/data/REDCap-VisReflect/Version_1/round_2/sample_1233_2/annotations/t2v_notebook_true/annotation_0000_log,1.0,['4455806592_5543546128']
/Users/nngu0448/Documents/data/REDCap-VisReflect/Version_1/round_2/sample_1238_1/annotations/t2v_notebook_true/annotation_0000_log,2.0,"['4422460784_5102700640', '4422460784_5102112496']"
/Users/nngu0448/Documents/data/REDCap-VisReflect/Version_1/round_2/sample_1240_1/annotations/t2v_notebook_true/annotation_0000_log,1.0,['4895140336_4945437392']
/Users/nngu0448/Documents/data/REDCap-VisReflect/Version_1/round_2/sample_1240_2/annotations/t2v_notebook_true/annotation_0000_log,1.0,['5091501040_5099276672']
/Users/nngu0448/Documents/data/REDCap-VisReflect/Version_1/round_2/sample_1240_3/annotations/t2v_notebook_true/annotation_0000_log,1.0,['4931330192_4938963456']
/Users/nngu0448/Documents/data/REDCap-VisReflect/Version_1/round_2/sample_1247_1/annotations/t2v_notebook_true/annotation_0000_log,1.0,['4641990624_5114645632']
/Users/nngu0448/Documents/data/REDCap-VisReflect/Version_1/round_2/sample_1247_2/annotations/t2v_notebook_true/annotation_0000_log,1.0,['4570426272_4910731232']
/Users/nngu0448/Documents/data/REDCap-VisReflect/Version_1/round_2/sample_1250_1/annotations/t2v_notebook_true/annotation_0000_log,1.0,['4890043232_4560676448']
/Users/nngu0448/Documents/data/REDCap-VisReflect/Version_1/round_2/sample_1250_2/annotations/t2v_notebook_true/annotation_0000_log,1.0,['4398312640_4951324624']
/Users/nngu0448/Documents/data/REDCap-VisReflect/Version_1/round_2/sample_1251_1/annotations/t2v_notebook_true/annotation_0000_log,2.0,"['4359751248_5536275712', '4359751248_5536271392']"
/Users/nngu0448/Documents/data/REDCap-VisReflect/Version_1/round_2/sample_1251_2/annotations/t2v_notebook_true/annotation_0000_log,2.0,"['4516445600_5374744656', '4516445600_5374740720']"
/Users/nngu0448/Documents/data/REDCap-VisReflect/Version_1/round_2/sample_1253_1/annotations/t2v_notebook_true/annotation_0000_log,1.0,['4957567744_5107358304']
/Users/nngu0448/Documents/data/REDCap-VisReflect/Version_1/round_2/sample_1256_1/annotations/t2v_notebook_true/annotation_0000_log,3.0,"['4941060896_6049585904', '5478021072_6050773904', '6049686608_6050652640']"
/Users/nngu0448/Documents/data/REDCap-VisReflect/Version_1/round_2/sample_1256_2/annotations/t2v_notebook_true/annotation_0000_log,3.0,"['4907810400_4965834032', '4574104560_4965468352', '4569976128_4896178688']"
/Users/nngu0448/Documents/data/REDCap-VisReflect/Version_1/round_2/sample_1259_1/annotations/t2v_notebook_true/annotation_0000_log,1.0,['4400334704_5321106176']
/Users/nngu0448/Documents/data/REDCap-VisReflect/Version_1/round_2/sample_1264_1/annotations/t2v_notebook_true/annotation_0000_log,22.0,"['4368356688_5230073024', '4368356688_5226995520', '4368356688_5229584528', '4368356688_5230081760', '4368356688_5233401904', '4368356688_5232066144', '4368356688_5232065616', '4368356688_5230491408', '4368356688_5229395840', '4368356688_5231118144', '4368356688_5230245840', '4368356688_5227248384', '4368356688_5148983168', '4368356688_5232900864', '4368356688_5230693648', '4368356688_5231666160', '4368356688_5232066336', '4368356688_5232060816', '4368356688_5230489968', '4368356688_5227459984', '4368356688_5233118960', '4368356688_5231310368']"
/Users/nngu0448/Documents/data/REDCap-VisReflect/Version_1/round_2/sample_1265_1/annotations/t2v_notebook_true/annotation_0000_log,1.0,['4422884800_4958751680']
/Users/nngu0448/Documents/data/REDCap-VisReflect/Version_1/round_2/sample_1267_1/annotations/t2v_notebook_true/annotation_0000_log,2.0,"['4959118272_5347029936', '4959118272_5346917408']"
/Users/nngu0448/Documents/data/REDCap-VisReflect/Version_1/round_2/sample_1270_1/annotations/t2v_notebook_true/annotation_0000_log,5.0,"['4368850032_4924026576', '4368850032_4920016048', '4368850032_4922060496', '4368850032_4913147360', '4368850032_4917540912']"
/Users/nngu0448/Documents/data/REDCap-VisReflect/Version_1/round_2/sample_1271_1/annotations/t2v_notebook_true/annotation_0000_log,3.0,"['4965013536_4965187216', '4965013536_4965186592', '4965013536_4965055856']"
/Users/nngu0448/Documents/data/REDCap-VisReflect/Version_1/round_2/sample_1272_1/annotations/t2v_notebook_true/annotation_0000_log,1.0,['4790810912_5075274496']
/Users/nngu0448/Documents/data/REDCap-VisReflect/Version_1/round_2/sample_1272_1/annotations/t2v_notebook_true/annotation_0001_log,1.0,['4928564704_4929001552']
/Users/nngu0448/Documents/data/REDCap-VisReflect/Version_1/round_2/sample_1272_1/annotations/t2v_notebook_true/annotation_0002_log,1.0,['5413062032_5412867392']
/Users/nngu0448/Documents/data/REDCap-VisReflect/Version_1/round_2/sample_1273_1/annotations/t2v_notebook_true/annotation_0000_log,2.0,"['4428391216_5207968704', '5208201488_5208618432']"
/Users/nngu0448/Documents/data/REDCap-VisReflect/Version_1/round_2/sample_1274_1/annotations/t2v_notebook_true/annotation_0000_log,1.0,['4426551072_5339180704']
/Users/nngu0448/Documents/data/REDCap-VisReflect/Version_1/round_2/sample_1275_1/annotations/t2v_notebook_true/annotation_0000_log,1.0,['4892638672_5411383360']
/Users/nngu0448/Documents/data/REDCap-VisReflect/Version_1/round_2/sample_1283_1/annotations/t2v_notebook_true/annotation_0000_log,6.0,"['4398918656_5297097616', '4398918656_5297779344', '4398918656_5297106688', '4398918656_5297350768', '4398918656_5298162192', '4398918656_5297978928']"
/Users/nngu0448/Documents/data/REDCap-VisReflect/Version_1/round_2/sample_1284_1/annotations/t2v_notebook_true/annotation_0000_log,1.0,['5603707072_5608574560']
/Users/nngu0448/Documents/data/REDCap-VisReflect/Version_1/round_2/sample_1286_1/annotations/t2v_notebook_true/annotation_0000_log,1.0,['5060688592_5061151536']
/Users/nngu0448/Documents/data/REDCap-VisReflect/Version_1/round_2/sample_1287_1/annotations/t2v_notebook_true/annotation_0000_log,3.0,"['5415261040_5415261712', '5415261040_6081174016', '5415261040_6081287888']"
/Users/nngu0448/Documents/data/REDCap-VisReflect/Version_1/round_2/sample_1287_2/annotations/t2v_notebook_true/annotation_0000_log,3.0,"['4564188144_4901783696', '4564188144_4901786864', '4564188144_4902036896']"
/Users/nngu0448/Documents/data/REDCap-VisReflect/Version_1/round_2/sample_1291_1/annotations/t2v_notebook_true/annotation_0000_log,2.0,"['4925336000_4927138432', '4925336000_4927138528']"
/Users/nngu0448/Documents/data/REDCap-VisReflect/Version_1/round_2/sample_1292_1/annotations/t2v_notebook_true/annotation_0000_log,3.0,"['4489107632_5235484304', '4489107632_5235264304', '4489107632_5235274336']"
/Users/nngu0448/Documents/data/REDCap-VisReflect/Version_1/round_2/sample_1294_1/annotations/t2v_notebook_true/annotation_0000_log,5.0,"['6093231968_6093691344', '6093231968_13098435312', '6093231968_13098955216', '6093231968_13098273776', '6093231968_6094074080']"
/Users/nngu0448/Documents/data/REDCap-VisReflect/Version_1/round_2/sample_1297_1/annotations/t2v_notebook_true/annotation_0000_log,1.0,['4514870960_4958343232']
/Users/nngu0448/Documents/data/REDCap-VisReflect/Version_1/round_2/sample_1298_1/annotations/t2v_notebook_true/annotation_0000_log,2.0,"['4433428400_5112897536', '4433428400_5112891824']"
/Users/nngu0448/Documents/data/REDCap-VisReflect/Version_1/round_2/sample_1300_1/annotations/t2v_notebook_true/annotation_0000_log,1.0,['4547575488_4397159184']
/Users/nngu0448/Documents/data/REDCap-VisReflect/Version_1/round_2/sample_1303_1/annotations/t2v_notebook_true/annotation_0000_log,1.0,['4369517168_4916937696']
/Users/nngu0448/Documents/data/REDCap-VisReflect/Version_1/round_2/sample_1304_1/annotations/t2v_notebook_true/annotation_0000_log,40.0,"['5119893408_6081049232', '5119893408_6083544272', '5119893408_6072850128', '5119893408_6076471232', '5119893408_6070898176', '5119893408_6073018000', '5119893408_6074725392', '5119893408_6082388976', '5119893408_6074327808', '5119893408_6081826496', '5119893408_6081628640', '5119893408_6081447168', '5119893408_6079497424', '5119893408_6082983984', '5119893408_6083215136', '5119893408_6083759088', '5119893408_6074129664', '5119893408_6076639440', '5119893408_6075303600', '5119893408_6075663952', '5119893408_6076854352', '5119893408_6079662560', '5119893408_6075914416', '5119893408_6079907648', '5119893408_6076275008', '5119893408_6073979952', '5119893408_6082191120', '5119893408_6074924112', '5119893408_6081976304', '5119893408_6080241040', '5119893408_6082588128', '5119893408_6073598032', '5119893408_6073812800', '5119893408_6074543152', '5119893408_6083957520', '5119893408_6080853968', '5119893408_6070895296', '5119893408_6080059856', '5119893408_6080671680', '5119893408_6073217008']"
/Users/nngu0448/Documents/data/REDCap-VisReflect/Version_1/round_2/sample_1306_1/annotations/t2v_notebook_true/annotation_0000_log,1.0,['4357743216_4574836640']
/Users/nngu0448/Documents/data/REDCap-VisReflect/Version_1/round_2/sample_1307_1/annotations/t2v_notebook_true/annotation_0000_log,3.0,"['5145679616_5766067888', '5145679616_5766063760', '5145679616_5766197280']"
/Users/nngu0448/Documents/data/REDCap-VisReflect/Version_1/round_2/sample_1314_1/annotations/t2v_notebook_true/annotation_0000_log,1.0,['4926760112_4927090768']
/Users/nngu0448/Documents/data/REDCap-VisReflect/Version_1/round_2/sample_1317_1/annotations/t2v_notebook_true/annotation_0000_log,1.0,['5206995072_5219453984']
/Users/nngu0448/Documents/data/REDCap-VisReflect/Version_1/round_2/sample_1318_2/annotations/t2v_notebook_true/annotation_0000_log,1.0,['4390011248_4958407088']
/Users/nngu0448/Documents/data/REDCap-VisReflect/Version_1/round_2/sample_1319_3/annotations/t2v_notebook_true/annotation_0000_log,5.0,"['4422347056_6017257632', '4422347056_6017262000', '4422347056_6017900400', '4422347056_6018081872', '4422347056_6018086864']"
/Users/nngu0448/Documents/data/REDCap-VisReflect/Version_1/round_2/sample_1319_4/annotations/t2v_notebook_true/annotation_0000_log,3.0,"['4912121088_4913236880', '4895791952_4895919904', '4895923552_4912318800']"
/Users/nngu0448/Documents/data/REDCap-VisReflect/Version_1/round_2/sample_1320_1/annotations/t2v_notebook_true/annotation_0000_log,0.0,[]
/Users/nngu0448/Documents/data/REDCap-VisReflect/Version_1/round_2/sample_1320_2/annotations/t2v_notebook_true/annotation_0000_log,0.0,[]
/Users/nngu0448/Documents/data/REDCap-VisReflect/Version_1/round_2/sample_1321_1/annotations/t2v_notebook_true/annotation_0000_log,2.0,"['4394433136_5174944032', '4394433136_5174165472']"
/Users/nngu0448/Documents/data/REDCap-VisReflect/Version_1/round_2/sample_1321_2/annotations/t2v_notebook_true/annotation_0000_log,2.0,"['4423065024_5344758096', '4423065024_5344761840']"
/Users/nngu0448/Documents/data/REDCap-VisReflect/Version_1/round_2/sample_1322_1/annotations/t2v_notebook_true/annotation_0000_log,6.0,"['4929314912_5476456720', '4929314912_5476660864', '4929314912_5486463456', '4929314912_5486644640', '4929314912_5486276880', '4929314912_5476460992']"
/Users/nngu0448/Documents/data/REDCap-VisReflect/Version_1/round_2/sample_1325_1/annotations/t2v_notebook_true/annotation_0000_log,10.0,"['4893619216_4896155808', '4893619216_4896356784', '4893619216_4896155904', '4893619216_4897419584', '4893619216_4893619552', '4893619216_4898084464', '4893619216_4896175360', '4893619216_4897141248', '4893619216_4356709392', '4893619216_4898841632']"
/Users/nngu0448/Documents/data/REDCap-VisReflect/Version_1/round_2/sample_1326_1/annotations/t2v_notebook_true/annotation_0000_log,2.0,"['4354262992_5245834048', '4354262992_4588065024']"
Average,2.4413793103448276,[]
